semana,casos
2020-02-10,13
2020-02-17,50
2020-02-24,109
2020-03-02,292
2020-03-09,1428
2020-03-16,3871
2020-03-23,5626
2020-03-30,7482
2020-04-06,10662
2020-04-13,14945
2020-04-20,19162
2020-04-27,22461
2020-05-04,23697
2020-05-11,22354
2020-05-18,21110
2020-05-25,19591
2020-06-01,22707
2020-06-08,22270
2020-06-15,23523
2020-06-22,21486
2020-06-29,24588
2020-07-06,23487
2020-07-13,21456
2020-07-20,20467
2020-07-27,19195
2020-08-03,17296
2020-08-10,17799
2020-08-17,16240
2020-08-24,14646
2020-08-31,14704
2020-09-07,13322
2020-09-14,12553
2020-09-21,10911
2020-09-28,11221
2020-10-05,10638
2020-10-12,10046
2020-10-19,10304
2020-10-26,11203
2020-11-02,13279
2020-11-09,17071
2020-11-16,19414
2020-11-23,20017
2020-11-30,23390
2020-12-07,21402
2020-12-14,20814
2020-12-21,21355
2020-12-28,26285
2021-01-04,27248
2021-01-11,23017
2021-01-18,22656
2021-01-25,21179
2021-02-01,26917
2021-02-08,31147
2021-02-15,40501
2021-02-22,47154
2021-03-01,63185
2021-03-08,64948
2021-03-15,63006
2021-03-22,50960
2021-03-29,48048
2021-04-05,44090
2021-04-12,38790
2021-04-19,38978
2021-04-26,40675
2021-05-03,41568
2021-05-10,47418
2021-05-17,46360
2021-05-24,44725
2021-05-31,43822
2021-06-07,36030
2021-06-14,31748
2021-06-21,24126
2021-06-28,23449
2021-07-05,20431
2021-07-12,16984
2021-07-19,15623
2021-07-26,14197
2021-08-02,13118
2021-08-09,11820
2021-08-16,10523
2021-08-23,8791
2021-08-30,8641
2021-09-06,7770
2021-09-13,7187
2021-09-20,6549
2021-09-27,5868
2021-10-04,4792
2021-10-11,4120
2021-10-18,3775
2021-10-25,3379
2021-11-01,3219
2021-11-08,2776
2021-11-15,2773
2021-11-22,2279
2021-11-29,2300
2021-12-06,2127
2021-12-13,2010
2021-12-20,3069
2021-12-27,6487
2022-01-03,12503
2022-01-10,21801
2022-01-17,26143
2022-01-24,21220
2022-01-31,16843
2022-02-07,10008
2022-02-14,6410
2022-02-21,3527
2022-02-28,2597
2022-03-07,1595
2022-03-14,1250
2022-03-21,929
2022-03-28,883
2022-04-04,904
2022-04-11,768
2022-04-18,1078
2022-04-25,1168
2022-05-02,1536
2022-05-09,2335
2022-05-16,3166
2022-05-23,4354
2022-05-30,5582
2022-06-06,6016
2022-06-13,6857
2022-06-20,7805
2022-06-27,7594
2022-07-04,6742
2022-07-11,5032
2022-07-18,3747
2022-07-25,2553
2022-08-01,2146
2022-08-08,1592
2022-08-15,1360
2022-08-22,1003
2022-08-29,772
2022-09-05,631
2022-09-12,463
2022-09-19,439
2022-09-26,440
2022-10-03,359
2022-10-10,476
2022-10-17,545
2022-10-24,803
2022-10-31,1619
2022-11-07,3354
2022-11-14,4682
2022-11-21,4779
2022-11-28,5145
2022-12-05,5104
2022-12-12,4289
2022-12-19,3749
2022-12-26,2938
2023-01-02,2007
2023-01-09,1451
2023-01-16,1025
2023-01-23,820
2023-01-30,940
2023-02-06,1093
2023-02-13,1218
2023-02-20,1390
2023-02-27,1614
2023-03-06,1506
2023-03-13,1444
2023-03-20,1330
2023-03-27,1169
2023-04-03,1128
2023-04-10,1065
2023-04-17,976
2023-04-24,819
2023-05-01,903
2023-05-08,828
2023-05-15,909
2023-05-22,752
2023-05-29,687
2023-06-05,589
2023-06-12,528
2023-06-19,513
2023-06-26,465
2023-07-03,404
2023-07-10,404
2023-07-17,339
2023-07-24,333
2023-07-31,373
2023-08-07,417
2023-08-14,528
2023-08-21,524
2023-08-28,630
2023-09-04,806
2023-09-11,897
2023-09-18,1105
2023-09-25,1242
2023-10-02,1357
2023-10-09,1475
2023-10-16,1653
2023-10-23,1598
2023-10-30,1344
2023-11-06,1365
2023-11-13,1109
2023-11-20,902
2023-11-27,814
2023-12-04,843
2023-12-11,779
2023-12-18,672
2023-12-25,742
2024-01-01,892
2024-01-08,807
2024-01-15,911
2024-01-22,937
2024-01-29,1166
2024-02-05,1346
2024-02-12,1633
2024-02-19,1878
2024-02-26,1623
2024-03-04,1215
2024-03-11,957
2024-03-18,612
2024-03-25,417
2024-04-01,354
2024-04-08,292
2024-04-15,205
2024-04-22,179
2024-04-29,174
2024-05-06,155
2024-05-13,172
2024-05-20,170
2024-05-27,189
2024-06-03,178
2024-06-10,218
2024-06-17,209
2024-06-24,213
2024-07-01,262
2024-07-08,247
2024-07-15,302
2024-07-22,317
2024-07-29,336
2024-08-05,466
2024-08-12,687
2024-08-19,867
2024-08-26,904
2024-09-02,873
2024-09-09,777
2024-09-16,623
2024-09-23,510
2024-09-30,449
2024-10-07,450
2024-10-14,421
2024-10-21,381
2024-10-28,414
2024-11-04,427
2024-11-11,525
2024-11-18,566
2024-11-25,627
2024-12-02,603
2024-12-09,641
2024-12-16,677
2024-12-23,709
2024-12-30,836
2025-01-06,763
2025-01-13,711
2025-01-20,674
2025-01-27,621
2025-02-03,615
2025-02-10,713
2025-02-17,680
2025-02-24,581
2025-03-03,395
2025-03-10,322
2025-03-17,240
2025-03-24,162
2025-03-31,127
2025-04-07,118
2025-04-14,126
2025-04-21,122
2025-04-28,123
2025-05-05,129
2025-05-12,136
2025-05-19,123
2025-05-26,117
2025-06-02,120
2025-06-09,143
2025-06-16,133
2025-06-23,121
2025-06-30,147
2025-07-07,169
2025-07-14,203
2025-07-21,260
2025-07-28,258
2025-08-04,353
2025-08-11,429
2025-08-18,511
2025-08-25,482
2025-09-01,488
2025-09-08,462
2025-09-15,478
2025-09-22,417
2025-09-29,427
2025-10-06,374
2025-10-13,376
2025-10-20,363
2025-10-27,347
2025-11-03,340
2025-11-10,332
2025-11-17,284
2025-11-24,262
2025-12-01,259
2025-12-08,264
2025-12-15,210
2025-12-22,224
2025-12-29,239
2026-01-05,256
2026-01-12,250
2026-01-19,262
2026-01-26,233
2026-02-02,219
2026-02-09,263
2026-02-16,308
2026-02-23,309
2026-03-02,261
2026-03-09,232
2026-03-16,181
2026-03-23,144
2026-03-30,135
2026-04-06,114
2026-04-13,119
2026-04-20,109
2026-04-27,87
2026-05-04,82
2026-05-11,99
2026-05-18,92
2026-05-25,75
2026-06-01,96
2026-06-08,108
2026-06-15,84
2026-06-22,57
2026-06-29,63
2026-07-06,56
2026-07-13,50
2026-07-20,49
2026-07-27,21
2026-08-03,23
2026-08-10,14
2026-08-17,3
