semana,comorbidade,casos
2020-02-10,ASMA,1
2020-02-17,ASMA,2
2020-02-24,ASMA,2
2020-03-02,ASMA,9
2020-03-09,ASMA,53
2020-03-16,ASMA,135
2020-03-23,ASMA,197
2020-03-30,ASMA,246
2020-04-06,ASMA,302
2020-04-13,ASMA,425
2020-04-20,ASMA,443
2020-04-27,ASMA,494
2020-05-04,ASMA,507
2020-05-11,ASMA,473
2020-05-18,ASMA,462
2020-05-25,ASMA,463
2020-06-01,ASMA,494
2020-06-08,ASMA,511
2020-06-15,ASMA,582
2020-06-22,ASMA,534
2020-06-29,ASMA,642
2020-07-06,ASMA,645
2020-07-13,ASMA,559
2020-07-20,ASMA,587
2020-07-27,ASMA,565
2020-08-03,ASMA,479
2020-08-10,ASMA,495
2020-08-17,ASMA,478
2020-08-24,ASMA,405
2020-08-31,ASMA,423
2020-09-07,ASMA,379
2020-09-14,ASMA,338
2020-09-21,ASMA,326
2020-09-28,ASMA,281
2020-10-05,ASMA,306
2020-10-12,ASMA,303
2020-10-19,ASMA,289
2020-10-26,ASMA,323
2020-11-02,ASMA,384
2020-11-09,ASMA,520
2020-11-16,ASMA,515
2020-11-23,ASMA,503
2020-11-30,ASMA,594
2020-12-07,ASMA,541
2020-12-14,ASMA,539
2020-12-21,ASMA,610
2020-12-28,ASMA,638
2021-01-04,ASMA,687
2021-01-11,ASMA,545
2021-01-18,ASMA,574
2021-01-25,ASMA,531
2021-02-01,ASMA,636
2021-02-08,ASMA,779
2021-02-15,ASMA,980
2021-02-22,ASMA,1079
2021-03-01,ASMA,1459
2021-03-08,ASMA,1407
2021-03-15,ASMA,1316
2021-03-22,ASMA,1025
2021-03-29,ASMA,963
2021-04-05,ASMA,894
2021-04-12,ASMA,776
2021-04-19,ASMA,796
2021-04-26,ASMA,881
2021-05-03,ASMA,889
2021-05-10,ASMA,1016
2021-05-17,ASMA,990
2021-05-24,ASMA,1057
2021-05-31,ASMA,923
2021-06-07,ASMA,758
2021-06-14,ASMA,680
2021-06-21,ASMA,490
2021-06-28,ASMA,519
2021-07-05,ASMA,438
2021-07-12,ASMA,395
2021-07-19,ASMA,352
2021-07-26,ASMA,326
2021-08-02,ASMA,344
2021-08-09,ASMA,270
2021-08-16,ASMA,285
2021-08-23,ASMA,215
2021-08-30,ASMA,213
2021-09-06,ASMA,181
2021-09-13,ASMA,159
2021-09-20,ASMA,143
2021-09-27,ASMA,130
2021-10-04,ASMA,122
2021-10-11,ASMA,110
2021-10-18,ASMA,89
2021-10-25,ASMA,78
2021-11-01,ASMA,92
2021-11-08,ASMA,82
2021-11-15,ASMA,73
2021-11-22,ASMA,68
2021-11-29,ASMA,58
2021-12-06,ASMA,68
2021-12-13,ASMA,67
2021-12-20,ASMA,110
2021-12-27,ASMA,190
2022-01-03,ASMA,311
2022-01-10,ASMA,508
2022-01-17,ASMA,570
2022-01-24,ASMA,447
2022-01-31,ASMA,416
2022-02-07,ASMA,226
2022-02-14,ASMA,181
2022-02-21,ASMA,106
2022-02-28,ASMA,73
2022-03-07,ASMA,49
2022-03-14,ASMA,39
2022-03-21,ASMA,40
2022-03-28,ASMA,41
2022-04-04,ASMA,29
2022-04-11,ASMA,33
2022-04-18,ASMA,37
2022-04-25,ASMA,44
2022-05-02,ASMA,65
2022-05-09,ASMA,74
2022-05-16,ASMA,98
2022-05-23,ASMA,138
2022-05-30,ASMA,172
2022-06-06,ASMA,155
2022-06-13,ASMA,209
2022-06-20,ASMA,200
2022-06-27,ASMA,220
2022-07-04,ASMA,184
2022-07-11,ASMA,123
2022-07-18,ASMA,98
2022-07-25,ASMA,78
2022-08-01,ASMA,63
2022-08-08,ASMA,63
2022-08-15,ASMA,54
2022-08-22,ASMA,39
2022-08-29,ASMA,43
2022-09-05,ASMA,24
2022-09-12,ASMA,12
2022-09-19,ASMA,28
2022-09-26,ASMA,14
2022-10-03,ASMA,19
2022-10-10,ASMA,15
2022-10-17,ASMA,23
2022-10-24,ASMA,33
2022-10-31,ASMA,43
2022-11-07,ASMA,95
2022-11-14,ASMA,152
2022-11-21,ASMA,116
2022-11-28,ASMA,146
2022-12-05,ASMA,127
2022-12-12,ASMA,116
2022-12-19,ASMA,110
2022-12-26,ASMA,99
2023-01-02,ASMA,52
2023-01-09,ASMA,43
2023-01-16,ASMA,31
2023-01-23,ASMA,33
2023-01-30,ASMA,24
2023-02-06,ASMA,36
2023-02-13,ASMA,43
2023-02-20,ASMA,43
2023-02-27,ASMA,50
2023-03-06,ASMA,53
2023-03-13,ASMA,38
2023-03-20,ASMA,54
2023-03-27,ASMA,45
2023-04-03,ASMA,38
2023-04-10,ASMA,31
2023-04-17,ASMA,28
2023-04-24,ASMA,32
2023-05-01,ASMA,40
2023-05-08,ASMA,31
2023-05-15,ASMA,33
2023-05-22,ASMA,28
2023-05-29,ASMA,24
2023-06-05,ASMA,15
2023-06-12,ASMA,24
2023-06-19,ASMA,30
2023-06-26,ASMA,25
2023-07-03,ASMA,10
2023-07-10,ASMA,14
2023-07-17,ASMA,14
2023-07-24,ASMA,10
2023-07-31,ASMA,16
2023-08-07,ASMA,14
2023-08-14,ASMA,28
2023-08-21,ASMA,39
2023-08-28,ASMA,36
2023-09-04,ASMA,33
2023-09-11,ASMA,53
2023-09-18,ASMA,41
2023-09-25,ASMA,48
2023-10-02,ASMA,41
2023-10-09,ASMA,45
2023-10-16,ASMA,57
2023-10-23,ASMA,41
2023-10-30,ASMA,55
2023-11-06,ASMA,36
2023-11-13,ASMA,45
2023-11-20,ASMA,20
2023-11-27,ASMA,19
2023-12-04,ASMA,29
2023-12-11,ASMA,24
2023-12-18,ASMA,16
2023-12-25,ASMA,22
2024-01-01,ASMA,31
2024-01-08,ASMA,27
2024-01-15,ASMA,27
2024-01-22,ASMA,33
2024-01-29,ASMA,38
2024-02-05,ASMA,41
2024-02-12,ASMA,44
2024-02-19,ASMA,51
2024-02-26,ASMA,69
2024-03-04,ASMA,31
2024-03-11,ASMA,34
2024-03-18,ASMA,22
2024-03-25,ASMA,18
2024-04-01,ASMA,14
2024-04-08,ASMA,12
2024-04-15,ASMA,11
2024-04-22,ASMA,6
2024-04-29,ASMA,8
2024-05-06,ASMA,7
2024-05-13,ASMA,10
2024-05-20,ASMA,7
2024-05-27,ASMA,8
2024-06-03,ASMA,4
2024-06-10,ASMA,9
2024-06-17,ASMA,10
2024-06-24,ASMA,11
2024-07-01,ASMA,15
2024-07-08,ASMA,7
2024-07-15,ASMA,7
2024-07-22,ASMA,12
2024-07-29,ASMA,15
2024-08-05,ASMA,14
2024-08-12,ASMA,28
2024-08-19,ASMA,39
2024-08-26,ASMA,34
2024-09-02,ASMA,48
2024-09-09,ASMA,25
2024-09-16,ASMA,31
2024-09-23,ASMA,27
2024-09-30,ASMA,18
2024-10-07,ASMA,13
2024-10-14,ASMA,16
2024-10-21,ASMA,21
2024-10-28,ASMA,13
2024-11-04,ASMA,12
2024-11-11,ASMA,28
2024-11-18,ASMA,27
2024-11-25,ASMA,28
2024-12-02,ASMA,20
2024-12-09,ASMA,27
2024-12-16,ASMA,21
2024-12-23,ASMA,26
2024-12-30,ASMA,28
2025-01-06,ASMA,27
2025-01-13,ASMA,29
2025-01-20,ASMA,19
2025-01-27,ASMA,26
2025-02-03,ASMA,25
2025-02-10,ASMA,26
2025-02-17,ASMA,28
2025-02-24,ASMA,17
2025-03-03,ASMA,13
2025-03-10,ASMA,11
2025-03-17,ASMA,12
2025-03-24,ASMA,12
2025-03-31,ASMA,5
2025-04-07,ASMA,4
2025-04-14,ASMA,2
2025-04-21,ASMA,9
2025-04-28,ASMA,10
2025-05-05,ASMA,6
2025-05-12,ASMA,8
2025-05-19,ASMA,8
2025-05-26,ASMA,7
2025-06-02,ASMA,7
2025-06-09,ASMA,6
2025-06-16,ASMA,9
2025-06-23,ASMA,3
2025-06-30,ASMA,9
2025-07-07,ASMA,10
2025-07-14,ASMA,5
2025-07-21,ASMA,6
2025-07-28,ASMA,11
2025-08-04,ASMA,16
2025-08-11,ASMA,20
2025-08-18,ASMA,23
2025-08-25,ASMA,22
2025-09-01,ASMA,20
2025-09-08,ASMA,22
2025-09-15,ASMA,31
2025-09-22,ASMA,17
2025-09-29,ASMA,16
2025-10-06,ASMA,10
2025-10-13,ASMA,19
2025-10-20,ASMA,17
2025-10-27,ASMA,9
2025-11-03,ASMA,10
2025-11-10,ASMA,17
2025-11-17,ASMA,14
2025-11-24,ASMA,7
2025-12-01,ASMA,13
2025-12-08,ASMA,9
2025-12-15,ASMA,3
2025-12-22,ASMA,10
2025-12-29,ASMA,7
2026-01-05,ASMA,3
2026-01-12,ASMA,6
2026-01-19,ASMA,15
2026-01-26,ASMA,5
2026-02-02,ASMA,6
2026-02-09,ASMA,10
2026-02-16,ASMA,8
2026-02-23,ASMA,15
2026-03-02,ASMA,16
2026-03-09,ASMA,11
2026-03-16,ASMA,7
2026-03-23,ASMA,6
2026-03-30,ASMA,3
2026-04-06,ASMA,6
2026-04-13,ASMA,6
2026-04-20,ASMA,7
2026-04-27,ASMA,4
2026-05-04,ASMA,2
2026-05-11,ASMA,3
2026-05-18,ASMA,3
2026-05-25,ASMA,5
2026-06-01,ASMA,6
2026-06-08,ASMA,5
2026-06-15,ASMA,4
2026-06-22,ASMA,3
2026-06-29,ASMA,5
2026-07-06,ASMA,5
2026-07-13,ASMA,2
2026-08-03,ASMA,2
2026-08-10,ASMA,1
2020-02-10,CARDIOPATI,4
2020-02-17,CARDIOPATI,14
2020-02-24,CARDIOPATI,26
2020-03-02,CARDIOPATI,93
2020-03-09,CARDIOPATI,446
2020-03-16,CARDIOPATI,1182
2020-03-23,CARDIOPATI,1707
2020-03-30,CARDIOPATI,2332
2020-04-06,CARDIOPATI,3138
2020-04-13,CARDIOPATI,4466
2020-04-20,CARDIOPATI,5752
2020-04-27,CARDIOPATI,6896
2020-05-04,CARDIOPATI,7189
2020-05-11,CARDIOPATI,7034
2020-05-18,CARDIOPATI,6679
2020-05-25,CARDIOPATI,6246
2020-06-01,CARDIOPATI,7393
2020-06-08,CARDIOPATI,7137
2020-06-15,CARDIOPATI,7423
2020-06-22,CARDIOPATI,6958
2020-06-29,CARDIOPATI,8176
2020-07-06,CARDIOPATI,7985
2020-07-13,CARDIOPATI,7337
2020-07-20,CARDIOPATI,7113
2020-07-27,CARDIOPATI,6705
2020-08-03,CARDIOPATI,6083
2020-08-10,CARDIOPATI,6232
2020-08-17,CARDIOPATI,5767
2020-08-24,CARDIOPATI,5264
2020-08-31,CARDIOPATI,5229
2020-09-07,CARDIOPATI,4723
2020-09-14,CARDIOPATI,4494
2020-09-21,CARDIOPATI,3956
2020-09-28,CARDIOPATI,4000
2020-10-05,CARDIOPATI,3745
2020-10-12,CARDIOPATI,3545
2020-10-19,CARDIOPATI,3750
2020-10-26,CARDIOPATI,4006
2020-11-02,CARDIOPATI,4779
2020-11-09,CARDIOPATI,6068
2020-11-16,CARDIOPATI,7020
2020-11-23,CARDIOPATI,7086
2020-11-30,CARDIOPATI,8451
2020-12-07,CARDIOPATI,7712
2020-12-14,CARDIOPATI,7509
2020-12-21,CARDIOPATI,7745
2020-12-28,CARDIOPATI,9162
2021-01-04,CARDIOPATI,9572
2021-01-11,CARDIOPATI,7880
2021-01-18,CARDIOPATI,7654
2021-01-25,CARDIOPATI,6909
2021-02-01,CARDIOPATI,8581
2021-02-08,CARDIOPATI,9627
2021-02-15,CARDIOPATI,12678
2021-02-22,CARDIOPATI,14473
2021-03-01,CARDIOPATI,19141
2021-03-08,CARDIOPATI,19779
2021-03-15,CARDIOPATI,19118
2021-03-22,CARDIOPATI,15265
2021-03-29,CARDIOPATI,14368
2021-04-05,CARDIOPATI,13057
2021-04-12,CARDIOPATI,11211
2021-04-19,CARDIOPATI,10888
2021-04-26,CARDIOPATI,11171
2021-05-03,CARDIOPATI,10950
2021-05-10,CARDIOPATI,12118
2021-05-17,CARDIOPATI,11476
2021-05-24,CARDIOPATI,10797
2021-05-31,CARDIOPATI,10222
2021-06-07,CARDIOPATI,8174
2021-06-14,CARDIOPATI,7354
2021-06-21,CARDIOPATI,5731
2021-06-28,CARDIOPATI,5674
2021-07-05,CARDIOPATI,5114
2021-07-12,CARDIOPATI,4491
2021-07-19,CARDIOPATI,4358
2021-07-26,CARDIOPATI,4169
2021-08-02,CARDIOPATI,4072
2021-08-09,CARDIOPATI,3794
2021-08-16,CARDIOPATI,3481
2021-08-23,CARDIOPATI,2998
2021-08-30,CARDIOPATI,3090
2021-09-06,CARDIOPATI,2761
2021-09-13,CARDIOPATI,2583
2021-09-20,CARDIOPATI,2371
2021-09-27,CARDIOPATI,2121
2021-10-04,CARDIOPATI,1691
2021-10-11,CARDIOPATI,1459
2021-10-18,CARDIOPATI,1326
2021-10-25,CARDIOPATI,1168
2021-11-01,CARDIOPATI,1067
2021-11-08,CARDIOPATI,909
2021-11-15,CARDIOPATI,887
2021-11-22,CARDIOPATI,713
2021-11-29,CARDIOPATI,720
2021-12-06,CARDIOPATI,630
2021-12-13,CARDIOPATI,529
2021-12-20,CARDIOPATI,943
2021-12-27,CARDIOPATI,1964
2022-01-03,CARDIOPATI,4046
2022-01-10,CARDIOPATI,7490
2022-01-17,CARDIOPATI,8952
2022-01-24,CARDIOPATI,7181
2022-01-31,CARDIOPATI,5736
2022-02-07,CARDIOPATI,3430
2022-02-14,CARDIOPATI,2186
2022-02-21,CARDIOPATI,1145
2022-02-28,CARDIOPATI,816
2022-03-07,CARDIOPATI,499
2022-03-14,CARDIOPATI,363
2022-03-21,CARDIOPATI,271
2022-03-28,CARDIOPATI,258
2022-04-04,CARDIOPATI,283
2022-04-11,CARDIOPATI,240
2022-04-18,CARDIOPATI,372
2022-04-25,CARDIOPATI,376
2022-05-02,CARDIOPATI,520
2022-05-09,CARDIOPATI,820
2022-05-16,CARDIOPATI,1168
2022-05-23,CARDIOPATI,1584
2022-05-30,CARDIOPATI,1962
2022-06-06,CARDIOPATI,2078
2022-06-13,CARDIOPATI,2409
2022-06-20,CARDIOPATI,2708
2022-06-27,CARDIOPATI,2607
2022-07-04,CARDIOPATI,2263
2022-07-11,CARDIOPATI,1607
2022-07-18,CARDIOPATI,1261
2022-07-25,CARDIOPATI,868
2022-08-01,CARDIOPATI,748
2022-08-08,CARDIOPATI,599
2022-08-15,CARDIOPATI,476
2022-08-22,CARDIOPATI,332
2022-08-29,CARDIOPATI,255
2022-09-05,CARDIOPATI,230
2022-09-12,CARDIOPATI,176
2022-09-19,CARDIOPATI,129
2022-09-26,CARDIOPATI,154
2022-10-03,CARDIOPATI,94
2022-10-10,CARDIOPATI,158
2022-10-17,CARDIOPATI,168
2022-10-24,CARDIOPATI,285
2022-10-31,CARDIOPATI,582
2022-11-07,CARDIOPATI,1250
2022-11-14,CARDIOPATI,1654
2022-11-21,CARDIOPATI,1716
2022-11-28,CARDIOPATI,1768
2022-12-05,CARDIOPATI,1836
2022-12-12,CARDIOPATI,1489
2022-12-19,CARDIOPATI,1255
2022-12-26,CARDIOPATI,1087
2023-01-02,CARDIOPATI,714
2023-01-09,CARDIOPATI,534
2023-01-16,CARDIOPATI,350
2023-01-23,CARDIOPATI,275
2023-01-30,CARDIOPATI,287
2023-02-06,CARDIOPATI,374
2023-02-13,CARDIOPATI,391
2023-02-20,CARDIOPATI,489
2023-02-27,CARDIOPATI,545
2023-03-06,CARDIOPATI,514
2023-03-13,CARDIOPATI,488
2023-03-20,CARDIOPATI,421
2023-03-27,CARDIOPATI,356
2023-04-03,CARDIOPATI,350
2023-04-10,CARDIOPATI,330
2023-04-17,CARDIOPATI,333
2023-04-24,CARDIOPATI,234
2023-05-01,CARDIOPATI,290
2023-05-08,CARDIOPATI,264
2023-05-15,CARDIOPATI,274
2023-05-22,CARDIOPATI,207
2023-05-29,CARDIOPATI,205
2023-06-05,CARDIOPATI,181
2023-06-12,CARDIOPATI,136
2023-06-19,CARDIOPATI,158
2023-06-26,CARDIOPATI,140
2023-07-03,CARDIOPATI,125
2023-07-10,CARDIOPATI,123
2023-07-17,CARDIOPATI,118
2023-07-24,CARDIOPATI,91
2023-07-31,CARDIOPATI,100
2023-08-07,CARDIOPATI,138
2023-08-14,CARDIOPATI,177
2023-08-21,CARDIOPATI,160
2023-08-28,CARDIOPATI,214
2023-09-04,CARDIOPATI,284
2023-09-11,CARDIOPATI,297
2023-09-18,CARDIOPATI,376
2023-09-25,CARDIOPATI,435
2023-10-02,CARDIOPATI,491
2023-10-09,CARDIOPATI,520
2023-10-16,CARDIOPATI,557
2023-10-23,CARDIOPATI,537
2023-10-30,CARDIOPATI,469
2023-11-06,CARDIOPATI,469
2023-11-13,CARDIOPATI,366
2023-11-20,CARDIOPATI,292
2023-11-27,CARDIOPATI,268
2023-12-04,CARDIOPATI,234
2023-12-11,CARDIOPATI,228
2023-12-18,CARDIOPATI,191
2023-12-25,CARDIOPATI,233
2024-01-01,CARDIOPATI,305
2024-01-08,CARDIOPATI,263
2024-01-15,CARDIOPATI,273
2024-01-22,CARDIOPATI,286
2024-01-29,CARDIOPATI,358
2024-02-05,CARDIOPATI,439
2024-02-12,CARDIOPATI,516
2024-02-19,CARDIOPATI,629
2024-02-26,CARDIOPATI,503
2024-03-04,CARDIOPATI,381
2024-03-11,CARDIOPATI,306
2024-03-18,CARDIOPATI,221
2024-03-25,CARDIOPATI,139
2024-04-01,CARDIOPATI,99
2024-04-08,CARDIOPATI,81
2024-04-15,CARDIOPATI,47
2024-04-22,CARDIOPATI,42
2024-04-29,CARDIOPATI,44
2024-05-06,CARDIOPATI,37
2024-05-13,CARDIOPATI,43
2024-05-20,CARDIOPATI,39
2024-05-27,CARDIOPATI,45
2024-06-03,CARDIOPATI,48
2024-06-10,CARDIOPATI,65
2024-06-17,CARDIOPATI,66
2024-06-24,CARDIOPATI,65
2024-07-01,CARDIOPATI,74
2024-07-08,CARDIOPATI,86
2024-07-15,CARDIOPATI,102
2024-07-22,CARDIOPATI,102
2024-07-29,CARDIOPATI,108
2024-08-05,CARDIOPATI,157
2024-08-12,CARDIOPATI,226
2024-08-19,CARDIOPATI,317
2024-08-26,CARDIOPATI,321
2024-09-02,CARDIOPATI,334
2024-09-09,CARDIOPATI,260
2024-09-16,CARDIOPATI,194
2024-09-23,CARDIOPATI,150
2024-09-30,CARDIOPATI,148
2024-10-07,CARDIOPATI,140
2024-10-14,CARDIOPATI,107
2024-10-21,CARDIOPATI,117
2024-10-28,CARDIOPATI,123
2024-11-04,CARDIOPATI,136
2024-11-11,CARDIOPATI,155
2024-11-18,CARDIOPATI,173
2024-11-25,CARDIOPATI,190
2024-12-02,CARDIOPATI,184
2024-12-09,CARDIOPATI,192
2024-12-16,CARDIOPATI,227
2024-12-23,CARDIOPATI,236
2024-12-30,CARDIOPATI,277
2025-01-06,CARDIOPATI,199
2025-01-13,CARDIOPATI,239
2025-01-20,CARDIOPATI,201
2025-01-27,CARDIOPATI,179
2025-02-03,CARDIOPATI,183
2025-02-10,CARDIOPATI,195
2025-02-17,CARDIOPATI,179
2025-02-24,CARDIOPATI,163
2025-03-03,CARDIOPATI,101
2025-03-10,CARDIOPATI,102
2025-03-17,CARDIOPATI,74
2025-03-24,CARDIOPATI,52
2025-03-31,CARDIOPATI,41
2025-04-07,CARDIOPATI,29
2025-04-14,CARDIOPATI,40
2025-04-21,CARDIOPATI,30
2025-04-28,CARDIOPATI,34
2025-05-05,CARDIOPATI,27
2025-05-12,CARDIOPATI,38
2025-05-19,CARDIOPATI,40
2025-05-26,CARDIOPATI,29
2025-06-02,CARDIOPATI,27
2025-06-09,CARDIOPATI,33
2025-06-16,CARDIOPATI,29
2025-06-23,CARDIOPATI,29
2025-06-30,CARDIOPATI,33
2025-07-07,CARDIOPATI,41
2025-07-14,CARDIOPATI,49
2025-07-21,CARDIOPATI,65
2025-07-28,CARDIOPATI,67
2025-08-04,CARDIOPATI,99
2025-08-11,CARDIOPATI,103
2025-08-18,CARDIOPATI,132
2025-08-25,CARDIOPATI,112
2025-09-01,CARDIOPATI,120
2025-09-08,CARDIOPATI,133
2025-09-15,CARDIOPATI,142
2025-09-22,CARDIOPATI,117
2025-09-29,CARDIOPATI,111
2025-10-06,CARDIOPATI,95
2025-10-13,CARDIOPATI,95
2025-10-20,CARDIOPATI,98
2025-10-27,CARDIOPATI,92
2025-11-03,CARDIOPATI,88
2025-11-10,CARDIOPATI,111
2025-11-17,CARDIOPATI,89
2025-11-24,CARDIOPATI,78
2025-12-01,CARDIOPATI,60
2025-12-08,CARDIOPATI,76
2025-12-15,CARDIOPATI,55
2025-12-22,CARDIOPATI,68
2025-12-29,CARDIOPATI,65
2026-01-05,CARDIOPATI,73
2026-01-12,CARDIOPATI,69
2026-01-19,CARDIOPATI,68
2026-01-26,CARDIOPATI,74
2026-02-02,CARDIOPATI,71
2026-02-09,CARDIOPATI,81
2026-02-16,CARDIOPATI,95
2026-02-23,CARDIOPATI,94
2026-03-02,CARDIOPATI,63
2026-03-09,CARDIOPATI,68
2026-03-16,CARDIOPATI,41
2026-03-23,CARDIOPATI,61
2026-03-30,CARDIOPATI,42
2026-04-06,CARDIOPATI,35
2026-04-13,CARDIOPATI,34
2026-04-20,CARDIOPATI,30
2026-04-27,CARDIOPATI,21
2026-05-04,CARDIOPATI,22
2026-05-11,CARDIOPATI,23
2026-05-18,CARDIOPATI,27
2026-05-25,CARDIOPATI,22
2026-06-01,CARDIOPATI,21
2026-06-08,CARDIOPATI,27
2026-06-15,CARDIOPATI,29
2026-06-22,CARDIOPATI,11
2026-06-29,CARDIOPATI,16
2026-07-06,CARDIOPATI,8
2026-07-13,CARDIOPATI,13
2026-07-20,CARDIOPATI,18
2026-07-27,CARDIOPATI,7
2026-08-03,CARDIOPATI,5
2026-08-10,CARDIOPATI,2
2020-02-10,DIABETES,6
2020-02-17,DIABETES,8
2020-02-24,DIABETES,23
2020-03-02,DIABETES,55
2020-03-09,DIABETES,317
2020-03-16,DIABETES,840
2020-03-23,DIABETES,1260
2020-03-30,DIABETES,1650
2020-04-06,DIABETES,2479
2020-04-13,DIABETES,3405
2020-04-20,DIABETES,4316
2020-04-27,DIABETES,5407
2020-05-04,DIABETES,5727
2020-05-11,DIABETES,5479
2020-05-18,DIABETES,5277
2020-05-25,DIABETES,4886
2020-06-01,DIABETES,5680
2020-06-08,DIABETES,5493
2020-06-15,DIABETES,5633
2020-06-22,DIABETES,5371
2020-06-29,DIABETES,6138
2020-07-06,DIABETES,6051
2020-07-13,DIABETES,5533
2020-07-20,DIABETES,5211
2020-07-27,DIABETES,4968
2020-08-03,DIABETES,4419
2020-08-10,DIABETES,4636
2020-08-17,DIABETES,4058
2020-08-24,DIABETES,3687
2020-08-31,DIABETES,3736
2020-09-07,DIABETES,3333
2020-09-14,DIABETES,3187
2020-09-21,DIABETES,2747
2020-09-28,DIABETES,2782
2020-10-05,DIABETES,2708
2020-10-12,DIABETES,2472
2020-10-19,DIABETES,2667
2020-10-26,DIABETES,2755
2020-11-02,DIABETES,3226
2020-11-09,DIABETES,4253
2020-11-16,DIABETES,4982
2020-11-23,DIABETES,5017
2020-11-30,DIABETES,6005
2020-12-07,DIABETES,5504
2020-12-14,DIABETES,5500
2020-12-21,DIABETES,5631
2020-12-28,DIABETES,6727
2021-01-04,DIABETES,6785
2021-01-11,DIABETES,5695
2021-01-18,DIABETES,5444
2021-01-25,DIABETES,4934
2021-02-01,DIABETES,5896
2021-02-08,DIABETES,6654
2021-02-15,DIABETES,8680
2021-02-22,DIABETES,9851
2021-03-01,DIABETES,13213
2021-03-08,DIABETES,13630
2021-03-15,DIABETES,13214
2021-03-22,DIABETES,10707
2021-03-29,DIABETES,10172
2021-04-05,DIABETES,9172
2021-04-12,DIABETES,7963
2021-04-19,DIABETES,7825
2021-04-26,DIABETES,7807
2021-05-03,DIABETES,7847
2021-05-10,DIABETES,8640
2021-05-17,DIABETES,8201
2021-05-24,DIABETES,7658
2021-05-31,DIABETES,7150
2021-06-07,DIABETES,5738
2021-06-14,DIABETES,5076
2021-06-21,DIABETES,3861
2021-06-28,DIABETES,3913
2021-07-05,DIABETES,3607
2021-07-12,DIABETES,3224
2021-07-19,DIABETES,3143
2021-07-26,DIABETES,2812
2021-08-02,DIABETES,2916
2021-08-09,DIABETES,2629
2021-08-16,DIABETES,2398
2021-08-23,DIABETES,2063
2021-08-30,DIABETES,2102
2021-09-06,DIABETES,1896
2021-09-13,DIABETES,1762
2021-09-20,DIABETES,1685
2021-09-27,DIABETES,1483
2021-10-04,DIABETES,1209
2021-10-11,DIABETES,1086
2021-10-18,DIABETES,959
2021-10-25,DIABETES,864
2021-11-01,DIABETES,780
2021-11-08,DIABETES,664
2021-11-15,DIABETES,662
2021-11-22,DIABETES,545
2021-11-29,DIABETES,532
2021-12-06,DIABETES,466
2021-12-13,DIABETES,434
2021-12-20,DIABETES,646
2021-12-27,DIABETES,1360
2022-01-03,DIABETES,2762
2022-01-10,DIABETES,4983
2022-01-17,DIABETES,5983
2022-01-24,DIABETES,4902
2022-01-31,DIABETES,3935
2022-02-07,DIABETES,2325
2022-02-14,DIABETES,1381
2022-02-21,DIABETES,745
2022-02-28,DIABETES,534
2022-03-07,DIABETES,302
2022-03-14,DIABETES,223
2022-03-21,DIABETES,163
2022-03-28,DIABETES,174
2022-04-04,DIABETES,176
2022-04-11,DIABETES,155
2022-04-18,DIABETES,210
2022-04-25,DIABETES,226
2022-05-02,DIABETES,297
2022-05-09,DIABETES,501
2022-05-16,DIABETES,661
2022-05-23,DIABETES,928
2022-05-30,DIABETES,1165
2022-06-06,DIABETES,1243
2022-06-13,DIABETES,1498
2022-06-20,DIABETES,1609
2022-06-27,DIABETES,1591
2022-07-04,DIABETES,1406
2022-07-11,DIABETES,1057
2022-07-18,DIABETES,789
2022-07-25,DIABETES,559
2022-08-01,DIABETES,457
2022-08-08,DIABETES,341
2022-08-15,DIABETES,298
2022-08-22,DIABETES,202
2022-08-29,DIABETES,155
2022-09-05,DIABETES,121
2022-09-12,DIABETES,110
2022-09-19,DIABETES,84
2022-09-26,DIABETES,75
2022-10-03,DIABETES,54
2022-10-10,DIABETES,93
2022-10-17,DIABETES,122
2022-10-24,DIABETES,153
2022-10-31,DIABETES,388
2022-11-07,DIABETES,747
2022-11-14,DIABETES,1081
2022-11-21,DIABETES,1057
2022-11-28,DIABETES,1164
2022-12-05,DIABETES,1165
2022-12-12,DIABETES,1002
2022-12-19,DIABETES,835
2022-12-26,DIABETES,694
2023-01-02,DIABETES,458
2023-01-09,DIABETES,314
2023-01-16,DIABETES,201
2023-01-23,DIABETES,175
2023-01-30,DIABETES,183
2023-02-06,DIABETES,228
2023-02-13,DIABETES,274
2023-02-20,DIABETES,322
2023-02-27,DIABETES,345
2023-03-06,DIABETES,334
2023-03-13,DIABETES,341
2023-03-20,DIABETES,290
2023-03-27,DIABETES,235
2023-04-03,DIABETES,231
2023-04-10,DIABETES,210
2023-04-17,DIABETES,195
2023-04-24,DIABETES,154
2023-05-01,DIABETES,168
2023-05-08,DIABETES,177
2023-05-15,DIABETES,163
2023-05-22,DIABETES,134
2023-05-29,DIABETES,125
2023-06-05,DIABETES,123
2023-06-12,DIABETES,106
2023-06-19,DIABETES,104
2023-06-26,DIABETES,84
2023-07-03,DIABETES,81
2023-07-10,DIABETES,85
2023-07-17,DIABETES,63
2023-07-24,DIABETES,72
2023-07-31,DIABETES,76
2023-08-07,DIABETES,76
2023-08-14,DIABETES,105
2023-08-21,DIABETES,92
2023-08-28,DIABETES,144
2023-09-04,DIABETES,178
2023-09-11,DIABETES,173
2023-09-18,DIABETES,243
2023-09-25,DIABETES,279
2023-10-02,DIABETES,317
2023-10-09,DIABETES,312
2023-10-16,DIABETES,358
2023-10-23,DIABETES,362
2023-10-30,DIABETES,288
2023-11-06,DIABETES,287
2023-11-13,DIABETES,245
2023-11-20,DIABETES,170
2023-11-27,DIABETES,186
2023-12-04,DIABETES,194
2023-12-11,DIABETES,151
2023-12-18,DIABETES,153
2023-12-25,DIABETES,169
2024-01-01,DIABETES,197
2024-01-08,DIABETES,180
2024-01-15,DIABETES,191
2024-01-22,DIABETES,182
2024-01-29,DIABETES,230
2024-02-05,DIABETES,290
2024-02-12,DIABETES,360
2024-02-19,DIABETES,400
2024-02-26,DIABETES,330
2024-03-04,DIABETES,243
2024-03-11,DIABETES,179
2024-03-18,DIABETES,128
2024-03-25,DIABETES,84
2024-04-01,DIABETES,65
2024-04-08,DIABETES,48
2024-04-15,DIABETES,31
2024-04-22,DIABETES,20
2024-04-29,DIABETES,29
2024-05-06,DIABETES,21
2024-05-13,DIABETES,26
2024-05-20,DIABETES,29
2024-05-27,DIABETES,36
2024-06-03,DIABETES,34
2024-06-10,DIABETES,43
2024-06-17,DIABETES,45
2024-06-24,DIABETES,39
2024-07-01,DIABETES,53
2024-07-08,DIABETES,48
2024-07-15,DIABETES,54
2024-07-22,DIABETES,70
2024-07-29,DIABETES,69
2024-08-05,DIABETES,98
2024-08-12,DIABETES,122
2024-08-19,DIABETES,169
2024-08-26,DIABETES,183
2024-09-02,DIABETES,211
2024-09-09,DIABETES,169
2024-09-16,DIABETES,129
2024-09-23,DIABETES,82
2024-09-30,DIABETES,84
2024-10-07,DIABETES,81
2024-10-14,DIABETES,79
2024-10-21,DIABETES,76
2024-10-28,DIABETES,87
2024-11-04,DIABETES,91
2024-11-11,DIABETES,114
2024-11-18,DIABETES,117
2024-11-25,DIABETES,107
2024-12-02,DIABETES,126
2024-12-09,DIABETES,137
2024-12-16,DIABETES,139
2024-12-23,DIABETES,138
2024-12-30,DIABETES,177
2025-01-06,DIABETES,141
2025-01-13,DIABETES,161
2025-01-20,DIABETES,127
2025-01-27,DIABETES,112
2025-02-03,DIABETES,109
2025-02-10,DIABETES,133
2025-02-17,DIABETES,124
2025-02-24,DIABETES,104
2025-03-03,DIABETES,60
2025-03-10,DIABETES,73
2025-03-17,DIABETES,40
2025-03-24,DIABETES,28
2025-03-31,DIABETES,23
2025-04-07,DIABETES,21
2025-04-14,DIABETES,25
2025-04-21,DIABETES,19
2025-04-28,DIABETES,21
2025-05-05,DIABETES,22
2025-05-12,DIABETES,24
2025-05-19,DIABETES,20
2025-05-26,DIABETES,13
2025-06-02,DIABETES,16
2025-06-09,DIABETES,17
2025-06-16,DIABETES,17
2025-06-23,DIABETES,24
2025-06-30,DIABETES,22
2025-07-07,DIABETES,28
2025-07-14,DIABETES,34
2025-07-21,DIABETES,46
2025-07-28,DIABETES,43
2025-08-04,DIABETES,57
2025-08-11,DIABETES,71
2025-08-18,DIABETES,80
2025-08-25,DIABETES,69
2025-09-01,DIABETES,86
2025-09-08,DIABETES,88
2025-09-15,DIABETES,87
2025-09-22,DIABETES,80
2025-09-29,DIABETES,71
2025-10-06,DIABETES,58
2025-10-13,DIABETES,67
2025-10-20,DIABETES,70
2025-10-27,DIABETES,58
2025-11-03,DIABETES,55
2025-11-10,DIABETES,52
2025-11-17,DIABETES,58
2025-11-24,DIABETES,42
2025-12-01,DIABETES,50
2025-12-08,DIABETES,58
2025-12-15,DIABETES,42
2025-12-22,DIABETES,46
2025-12-29,DIABETES,48
2026-01-05,DIABETES,53
2026-01-12,DIABETES,50
2026-01-19,DIABETES,43
2026-01-26,DIABETES,44
2026-02-02,DIABETES,54
2026-02-09,DIABETES,48
2026-02-16,DIABETES,67
2026-02-23,DIABETES,58
2026-03-02,DIABETES,42
2026-03-09,DIABETES,34
2026-03-16,DIABETES,27
2026-03-23,DIABETES,39
2026-03-30,DIABETES,22
2026-04-06,DIABETES,15
2026-04-13,DIABETES,23
2026-04-20,DIABETES,19
2026-04-27,DIABETES,10
2026-05-04,DIABETES,11
2026-05-11,DIABETES,13
2026-05-18,DIABETES,16
2026-05-25,DIABETES,7
2026-06-01,DIABETES,19
2026-06-08,DIABETES,14
2026-06-15,DIABETES,12
2026-06-22,DIABETES,5
2026-06-29,DIABETES,6
2026-07-06,DIABETES,6
2026-07-13,DIABETES,9
2026-07-20,DIABETES,14
2026-07-27,DIABETES,2
2026-08-03,DIABETES,3
2026-08-10,DIABETES,1
2020-02-17,HEMATOLOGI,1
2020-03-02,HEMATOLOGI,3
2020-03-09,HEMATOLOGI,17
2020-03-16,HEMATOLOGI,33
2020-03-23,HEMATOLOGI,60
2020-03-30,HEMATOLOGI,71
2020-04-06,HEMATOLOGI,96
2020-04-13,HEMATOLOGI,111
2020-04-20,HEMATOLOGI,141
2020-04-27,HEMATOLOGI,186
2020-05-04,HEMATOLOGI,197
2020-05-11,HEMATOLOGI,187
2020-05-18,HEMATOLOGI,149
2020-05-25,HEMATOLOGI,143
2020-06-01,HEMATOLOGI,164
2020-06-08,HEMATOLOGI,161
2020-06-15,HEMATOLOGI,136
2020-06-22,HEMATOLOGI,150
2020-06-29,HEMATOLOGI,214
2020-07-06,HEMATOLOGI,170
2020-07-13,HEMATOLOGI,153
2020-07-20,HEMATOLOGI,144
2020-07-27,HEMATOLOGI,152
2020-08-03,HEMATOLOGI,128
2020-08-10,HEMATOLOGI,148
2020-08-17,HEMATOLOGI,139
2020-08-24,HEMATOLOGI,119
2020-08-31,HEMATOLOGI,126
2020-09-07,HEMATOLOGI,110
2020-09-14,HEMATOLOGI,88
2020-09-21,HEMATOLOGI,69
2020-09-28,HEMATOLOGI,99
2020-10-05,HEMATOLOGI,84
2020-10-12,HEMATOLOGI,68
2020-10-19,HEMATOLOGI,76
2020-10-26,HEMATOLOGI,83
2020-11-02,HEMATOLOGI,90
2020-11-09,HEMATOLOGI,110
2020-11-16,HEMATOLOGI,133
2020-11-23,HEMATOLOGI,116
2020-11-30,HEMATOLOGI,175
2020-12-07,HEMATOLOGI,146
2020-12-14,HEMATOLOGI,128
2020-12-21,HEMATOLOGI,127
2020-12-28,HEMATOLOGI,158
2021-01-04,HEMATOLOGI,151
2021-01-11,HEMATOLOGI,146
2021-01-18,HEMATOLOGI,152
2021-01-25,HEMATOLOGI,140
2021-02-01,HEMATOLOGI,157
2021-02-08,HEMATOLOGI,182
2021-02-15,HEMATOLOGI,223
2021-02-22,HEMATOLOGI,246
2021-03-01,HEMATOLOGI,282
2021-03-08,HEMATOLOGI,331
2021-03-15,HEMATOLOGI,297
2021-03-22,HEMATOLOGI,236
2021-03-29,HEMATOLOGI,205
2021-04-05,HEMATOLOGI,178
2021-04-12,HEMATOLOGI,164
2021-04-19,HEMATOLOGI,174
2021-04-26,HEMATOLOGI,174
2021-05-03,HEMATOLOGI,173
2021-05-10,HEMATOLOGI,174
2021-05-17,HEMATOLOGI,202
2021-05-24,HEMATOLOGI,184
2021-05-31,HEMATOLOGI,189
2021-06-07,HEMATOLOGI,149
2021-06-14,HEMATOLOGI,153
2021-06-21,HEMATOLOGI,116
2021-06-28,HEMATOLOGI,99
2021-07-05,HEMATOLOGI,93
2021-07-12,HEMATOLOGI,86
2021-07-19,HEMATOLOGI,77
2021-07-26,HEMATOLOGI,84
2021-08-02,HEMATOLOGI,82
2021-08-09,HEMATOLOGI,73
2021-08-16,HEMATOLOGI,68
2021-08-23,HEMATOLOGI,62
2021-08-30,HEMATOLOGI,65
2021-09-06,HEMATOLOGI,49
2021-09-13,HEMATOLOGI,57
2021-09-20,HEMATOLOGI,47
2021-09-27,HEMATOLOGI,50
2021-10-04,HEMATOLOGI,38
2021-10-11,HEMATOLOGI,29
2021-10-18,HEMATOLOGI,25
2021-10-25,HEMATOLOGI,24
2021-11-01,HEMATOLOGI,29
2021-11-08,HEMATOLOGI,23
2021-11-15,HEMATOLOGI,25
2021-11-22,HEMATOLOGI,13
2021-11-29,HEMATOLOGI,16
2021-12-06,HEMATOLOGI,18
2021-12-13,HEMATOLOGI,11
2021-12-20,HEMATOLOGI,26
2021-12-27,HEMATOLOGI,56
2022-01-03,HEMATOLOGI,130
2022-01-10,HEMATOLOGI,222
2022-01-17,HEMATOLOGI,304
2022-01-24,HEMATOLOGI,241
2022-01-31,HEMATOLOGI,182
2022-02-07,HEMATOLOGI,115
2022-02-14,HEMATOLOGI,81
2022-02-21,HEMATOLOGI,43
2022-02-28,HEMATOLOGI,36
2022-03-07,HEMATOLOGI,21
2022-03-14,HEMATOLOGI,17
2022-03-21,HEMATOLOGI,21
2022-03-28,HEMATOLOGI,13
2022-04-04,HEMATOLOGI,14
2022-04-11,HEMATOLOGI,8
2022-04-18,HEMATOLOGI,14
2022-04-25,HEMATOLOGI,13
2022-05-02,HEMATOLOGI,18
2022-05-09,HEMATOLOGI,34
2022-05-16,HEMATOLOGI,33
2022-05-23,HEMATOLOGI,56
2022-05-30,HEMATOLOGI,76
2022-06-06,HEMATOLOGI,81
2022-06-13,HEMATOLOGI,87
2022-06-20,HEMATOLOGI,100
2022-06-27,HEMATOLOGI,101
2022-07-04,HEMATOLOGI,73
2022-07-11,HEMATOLOGI,45
2022-07-18,HEMATOLOGI,44
2022-07-25,HEMATOLOGI,28
2022-08-01,HEMATOLOGI,21
2022-08-08,HEMATOLOGI,26
2022-08-15,HEMATOLOGI,17
2022-08-22,HEMATOLOGI,12
2022-08-29,HEMATOLOGI,11
2022-09-05,HEMATOLOGI,10
2022-09-12,HEMATOLOGI,8
2022-09-19,HEMATOLOGI,8
2022-09-26,HEMATOLOGI,5
2022-10-03,HEMATOLOGI,4
2022-10-10,HEMATOLOGI,5
2022-10-17,HEMATOLOGI,13
2022-10-24,HEMATOLOGI,16
2022-10-31,HEMATOLOGI,30
2022-11-07,HEMATOLOGI,42
2022-11-14,HEMATOLOGI,55
2022-11-21,HEMATOLOGI,62
2022-11-28,HEMATOLOGI,54
2022-12-05,HEMATOLOGI,51
2022-12-12,HEMATOLOGI,60
2022-12-19,HEMATOLOGI,59
2022-12-26,HEMATOLOGI,37
2023-01-02,HEMATOLOGI,29
2023-01-09,HEMATOLOGI,17
2023-01-16,HEMATOLOGI,14
2023-01-23,HEMATOLOGI,25
2023-01-30,HEMATOLOGI,21
2023-02-06,HEMATOLOGI,12
2023-02-13,HEMATOLOGI,26
2023-02-20,HEMATOLOGI,16
2023-02-27,HEMATOLOGI,26
2023-03-06,HEMATOLOGI,16
2023-03-13,HEMATOLOGI,21
2023-03-20,HEMATOLOGI,20
2023-03-27,HEMATOLOGI,20
2023-04-03,HEMATOLOGI,17
2023-04-10,HEMATOLOGI,15
2023-04-17,HEMATOLOGI,19
2023-04-24,HEMATOLOGI,10
2023-05-01,HEMATOLOGI,9
2023-05-08,HEMATOLOGI,11
2023-05-15,HEMATOLOGI,13
2023-05-22,HEMATOLOGI,16
2023-05-29,HEMATOLOGI,10
2023-06-05,HEMATOLOGI,10
2023-06-12,HEMATOLOGI,23
2023-06-19,HEMATOLOGI,14
2023-06-26,HEMATOLOGI,8
2023-07-03,HEMATOLOGI,8
2023-07-10,HEMATOLOGI,11
2023-07-17,HEMATOLOGI,7
2023-07-24,HEMATOLOGI,8
2023-07-31,HEMATOLOGI,5
2023-08-07,HEMATOLOGI,6
2023-08-14,HEMATOLOGI,7
2023-08-21,HEMATOLOGI,6
2023-08-28,HEMATOLOGI,21
2023-09-04,HEMATOLOGI,17
2023-09-11,HEMATOLOGI,9
2023-09-18,HEMATOLOGI,25
2023-09-25,HEMATOLOGI,28
2023-10-02,HEMATOLOGI,16
2023-10-09,HEMATOLOGI,15
2023-10-16,HEMATOLOGI,33
2023-10-23,HEMATOLOGI,26
2023-10-30,HEMATOLOGI,19
2023-11-06,HEMATOLOGI,19
2023-11-13,HEMATOLOGI,15
2023-11-20,HEMATOLOGI,13
2023-11-27,HEMATOLOGI,13
2023-12-04,HEMATOLOGI,17
2023-12-11,HEMATOLOGI,10
2023-12-18,HEMATOLOGI,6
2023-12-25,HEMATOLOGI,11
2024-01-01,HEMATOLOGI,5
2024-01-08,HEMATOLOGI,14
2024-01-15,HEMATOLOGI,16
2024-01-22,HEMATOLOGI,18
2024-01-29,HEMATOLOGI,12
2024-02-05,HEMATOLOGI,23
2024-02-12,HEMATOLOGI,26
2024-02-19,HEMATOLOGI,31
2024-02-26,HEMATOLOGI,25
2024-03-04,HEMATOLOGI,18
2024-03-11,HEMATOLOGI,11
2024-03-18,HEMATOLOGI,11
2024-03-25,HEMATOLOGI,4
2024-04-01,HEMATOLOGI,4
2024-04-08,HEMATOLOGI,2
2024-04-15,HEMATOLOGI,2
2024-04-22,HEMATOLOGI,1
2024-04-29,HEMATOLOGI,3
2024-05-06,HEMATOLOGI,1
2024-05-13,HEMATOLOGI,3
2024-05-20,HEMATOLOGI,2
2024-05-27,HEMATOLOGI,2
2024-06-03,HEMATOLOGI,4
2024-06-10,HEMATOLOGI,2
2024-06-17,HEMATOLOGI,3
2024-06-24,HEMATOLOGI,6
2024-07-01,HEMATOLOGI,6
2024-07-15,HEMATOLOGI,7
2024-07-22,HEMATOLOGI,7
2024-07-29,HEMATOLOGI,7
2024-08-05,HEMATOLOGI,8
2024-08-12,HEMATOLOGI,13
2024-08-19,HEMATOLOGI,19
2024-08-26,HEMATOLOGI,16
2024-09-02,HEMATOLOGI,12
2024-09-09,HEMATOLOGI,14
2024-09-16,HEMATOLOGI,18
2024-09-23,HEMATOLOGI,5
2024-09-30,HEMATOLOGI,7
2024-10-07,HEMATOLOGI,4
2024-10-14,HEMATOLOGI,9
2024-10-21,HEMATOLOGI,4
2024-10-28,HEMATOLOGI,8
2024-11-04,HEMATOLOGI,5
2024-11-11,HEMATOLOGI,15
2024-11-18,HEMATOLOGI,10
2024-11-25,HEMATOLOGI,13
2024-12-02,HEMATOLOGI,5
2024-12-09,HEMATOLOGI,14
2024-12-16,HEMATOLOGI,17
2024-12-23,HEMATOLOGI,8
2024-12-30,HEMATOLOGI,10
2025-01-06,HEMATOLOGI,10
2025-01-13,HEMATOLOGI,15
2025-01-20,HEMATOLOGI,22
2025-01-27,HEMATOLOGI,9
2025-02-03,HEMATOLOGI,13
2025-02-10,HEMATOLOGI,11
2025-02-17,HEMATOLOGI,10
2025-02-24,HEMATOLOGI,11
2025-03-03,HEMATOLOGI,9
2025-03-10,HEMATOLOGI,5
2025-03-17,HEMATOLOGI,6
2025-03-24,HEMATOLOGI,2
2025-03-31,HEMATOLOGI,1
2025-04-07,HEMATOLOGI,3
2025-04-14,HEMATOLOGI,3
2025-04-21,HEMATOLOGI,1
2025-04-28,HEMATOLOGI,2
2025-05-05,HEMATOLOGI,3
2025-05-12,HEMATOLOGI,1
2025-05-19,HEMATOLOGI,3
2025-05-26,HEMATOLOGI,2
2025-06-02,HEMATOLOGI,2
2025-06-09,HEMATOLOGI,1
2025-06-16,HEMATOLOGI,1
2025-06-23,HEMATOLOGI,3
2025-06-30,HEMATOLOGI,2
2025-07-07,HEMATOLOGI,1
2025-07-14,HEMATOLOGI,5
2025-07-21,HEMATOLOGI,3
2025-07-28,HEMATOLOGI,5
2025-08-04,HEMATOLOGI,3
2025-08-11,HEMATOLOGI,3
2025-08-18,HEMATOLOGI,9
2025-08-25,HEMATOLOGI,9
2025-09-01,HEMATOLOGI,6
2025-09-08,HEMATOLOGI,10
2025-09-15,HEMATOLOGI,8
2025-09-22,HEMATOLOGI,5
2025-09-29,HEMATOLOGI,10
2025-10-06,HEMATOLOGI,11
2025-10-13,HEMATOLOGI,7
2025-10-20,HEMATOLOGI,7
2025-10-27,HEMATOLOGI,6
2025-11-03,HEMATOLOGI,4
2025-11-10,HEMATOLOGI,9
2025-11-17,HEMATOLOGI,5
2025-11-24,HEMATOLOGI,3
2025-12-01,HEMATOLOGI,4
2025-12-08,HEMATOLOGI,4
2025-12-15,HEMATOLOGI,4
2025-12-22,HEMATOLOGI,4
2025-12-29,HEMATOLOGI,5
2026-01-05,HEMATOLOGI,3
2026-01-12,HEMATOLOGI,8
2026-01-19,HEMATOLOGI,3
2026-01-26,HEMATOLOGI,1
2026-02-02,HEMATOLOGI,6
2026-02-09,HEMATOLOGI,6
2026-02-16,HEMATOLOGI,5
2026-02-23,HEMATOLOGI,6
2026-03-02,HEMATOLOGI,5
2026-03-09,HEMATOLOGI,5
2026-03-16,HEMATOLOGI,6
2026-03-23,HEMATOLOGI,4
2026-03-30,HEMATOLOGI,1
2026-04-06,HEMATOLOGI,3
2026-04-13,HEMATOLOGI,3
2026-04-20,HEMATOLOGI,1
2026-05-04,HEMATOLOGI,3
2026-05-18,HEMATOLOGI,1
2026-05-25,HEMATOLOGI,2
2026-06-01,HEMATOLOGI,1
2026-06-08,HEMATOLOGI,1
2026-06-15,HEMATOLOGI,1
2026-07-06,HEMATOLOGI,1
2020-03-09,HEPATICA,10
2020-03-16,HEPATICA,33
2020-03-23,HEPATICA,39
2020-03-30,HEPATICA,69
2020-04-06,HEPATICA,92
2020-04-13,HEPATICA,115
2020-04-20,HEPATICA,161
2020-04-27,HEPATICA,163
2020-05-04,HEPATICA,161
2020-05-11,HEPATICA,176
2020-05-18,HEPATICA,193
2020-05-25,HEPATICA,179
2020-06-01,HEPATICA,180
2020-06-08,HEPATICA,181
2020-06-15,HEPATICA,201
2020-06-22,HEPATICA,170
2020-06-29,HEPATICA,260
2020-07-06,HEPATICA,208
2020-07-13,HEPATICA,204
2020-07-20,HEPATICA,189
2020-07-27,HEPATICA,192
2020-08-03,HEPATICA,167
2020-08-10,HEPATICA,154
2020-08-17,HEPATICA,160
2020-08-24,HEPATICA,163
2020-08-31,HEPATICA,159
2020-09-07,HEPATICA,102
2020-09-14,HEPATICA,131
2020-09-21,HEPATICA,97
2020-09-28,HEPATICA,98
2020-10-05,HEPATICA,109
2020-10-12,HEPATICA,88
2020-10-19,HEPATICA,90
2020-10-26,HEPATICA,111
2020-11-02,HEPATICA,125
2020-11-09,HEPATICA,127
2020-11-16,HEPATICA,151
2020-11-23,HEPATICA,148
2020-11-30,HEPATICA,189
2020-12-07,HEPATICA,166
2020-12-14,HEPATICA,187
2020-12-21,HEPATICA,176
2020-12-28,HEPATICA,202
2021-01-04,HEPATICA,227
2021-01-11,HEPATICA,167
2021-01-18,HEPATICA,167
2021-01-25,HEPATICA,161
2021-02-01,HEPATICA,164
2021-02-08,HEPATICA,202
2021-02-15,HEPATICA,287
2021-02-22,HEPATICA,287
2021-03-01,HEPATICA,339
2021-03-08,HEPATICA,389
2021-03-15,HEPATICA,386
2021-03-22,HEPATICA,296
2021-03-29,HEPATICA,291
2021-04-05,HEPATICA,215
2021-04-12,HEPATICA,203
2021-04-19,HEPATICA,240
2021-04-26,HEPATICA,233
2021-05-03,HEPATICA,234
2021-05-10,HEPATICA,234
2021-05-17,HEPATICA,261
2021-05-24,HEPATICA,213
2021-05-31,HEPATICA,209
2021-06-07,HEPATICA,208
2021-06-14,HEPATICA,176
2021-06-21,HEPATICA,142
2021-06-28,HEPATICA,161
2021-07-05,HEPATICA,115
2021-07-12,HEPATICA,99
2021-07-19,HEPATICA,99
2021-07-26,HEPATICA,96
2021-08-02,HEPATICA,106
2021-08-09,HEPATICA,82
2021-08-16,HEPATICA,71
2021-08-23,HEPATICA,59
2021-08-30,HEPATICA,75
2021-09-06,HEPATICA,75
2021-09-13,HEPATICA,42
2021-09-20,HEPATICA,51
2021-09-27,HEPATICA,39
2021-10-04,HEPATICA,33
2021-10-11,HEPATICA,46
2021-10-18,HEPATICA,30
2021-10-25,HEPATICA,30
2021-11-01,HEPATICA,32
2021-11-08,HEPATICA,23
2021-11-15,HEPATICA,24
2021-11-22,HEPATICA,23
2021-11-29,HEPATICA,11
2021-12-06,HEPATICA,15
2021-12-13,HEPATICA,18
2021-12-20,HEPATICA,28
2021-12-27,HEPATICA,55
2022-01-03,HEPATICA,115
2022-01-10,HEPATICA,206
2022-01-17,HEPATICA,273
2022-01-24,HEPATICA,274
2022-01-31,HEPATICA,179
2022-02-07,HEPATICA,120
2022-02-14,HEPATICA,78
2022-02-21,HEPATICA,29
2022-02-28,HEPATICA,25
2022-03-07,HEPATICA,16
2022-03-14,HEPATICA,14
2022-03-21,HEPATICA,16
2022-03-28,HEPATICA,10
2022-04-04,HEPATICA,8
2022-04-11,HEPATICA,7
2022-04-18,HEPATICA,15
2022-04-25,HEPATICA,11
2022-05-02,HEPATICA,17
2022-05-09,HEPATICA,29
2022-05-16,HEPATICA,38
2022-05-23,HEPATICA,50
2022-05-30,HEPATICA,54
2022-06-06,HEPATICA,66
2022-06-13,HEPATICA,81
2022-06-20,HEPATICA,87
2022-06-27,HEPATICA,80
2022-07-04,HEPATICA,83
2022-07-11,HEPATICA,51
2022-07-18,HEPATICA,33
2022-07-25,HEPATICA,40
2022-08-01,HEPATICA,33
2022-08-08,HEPATICA,21
2022-08-15,HEPATICA,12
2022-08-22,HEPATICA,16
2022-08-29,HEPATICA,7
2022-09-05,HEPATICA,7
2022-09-12,HEPATICA,13
2022-09-19,HEPATICA,7
2022-09-26,HEPATICA,6
2022-10-03,HEPATICA,1
2022-10-10,HEPATICA,8
2022-10-17,HEPATICA,9
2022-10-24,HEPATICA,7
2022-10-31,HEPATICA,17
2022-11-07,HEPATICA,39
2022-11-14,HEPATICA,58
2022-11-21,HEPATICA,55
2022-11-28,HEPATICA,59
2022-12-05,HEPATICA,64
2022-12-12,HEPATICA,62
2022-12-19,HEPATICA,47
2022-12-26,HEPATICA,43
2023-01-02,HEPATICA,32
2023-01-09,HEPATICA,15
2023-01-16,HEPATICA,17
2023-01-23,HEPATICA,13
2023-01-30,HEPATICA,7
2023-02-06,HEPATICA,11
2023-02-13,HEPATICA,17
2023-02-20,HEPATICA,18
2023-02-27,HEPATICA,12
2023-03-06,HEPATICA,16
2023-03-13,HEPATICA,11
2023-03-20,HEPATICA,16
2023-03-27,HEPATICA,15
2023-04-03,HEPATICA,17
2023-04-10,HEPATICA,10
2023-04-17,HEPATICA,14
2023-04-24,HEPATICA,14
2023-05-01,HEPATICA,9
2023-05-08,HEPATICA,11
2023-05-15,HEPATICA,12
2023-05-22,HEPATICA,14
2023-05-29,HEPATICA,7
2023-06-05,HEPATICA,12
2023-06-12,HEPATICA,6
2023-06-19,HEPATICA,3
2023-06-26,HEPATICA,2
2023-07-03,HEPATICA,5
2023-07-10,HEPATICA,4
2023-07-17,HEPATICA,3
2023-07-24,HEPATICA,1
2023-07-31,HEPATICA,5
2023-08-07,HEPATICA,8
2023-08-14,HEPATICA,8
2023-08-21,HEPATICA,7
2023-08-28,HEPATICA,7
2023-09-04,HEPATICA,8
2023-09-11,HEPATICA,10
2023-09-18,HEPATICA,13
2023-09-25,HEPATICA,15
2023-10-02,HEPATICA,24
2023-10-09,HEPATICA,13
2023-10-16,HEPATICA,15
2023-10-23,HEPATICA,15
2023-10-30,HEPATICA,19
2023-11-06,HEPATICA,13
2023-11-13,HEPATICA,8
2023-11-20,HEPATICA,11
2023-11-27,HEPATICA,5
2023-12-04,HEPATICA,14
2023-12-11,HEPATICA,4
2023-12-18,HEPATICA,5
2023-12-25,HEPATICA,12
2024-01-01,HEPATICA,10
2024-01-08,HEPATICA,11
2024-01-15,HEPATICA,5
2024-01-22,HEPATICA,12
2024-01-29,HEPATICA,16
2024-02-05,HEPATICA,17
2024-02-12,HEPATICA,22
2024-02-19,HEPATICA,21
2024-02-26,HEPATICA,19
2024-03-04,HEPATICA,15
2024-03-11,HEPATICA,12
2024-03-18,HEPATICA,10
2024-03-25,HEPATICA,3
2024-04-01,HEPATICA,4
2024-04-08,HEPATICA,3
2024-04-15,HEPATICA,3
2024-04-22,HEPATICA,1
2024-05-20,HEPATICA,2
2024-05-27,HEPATICA,2
2024-06-03,HEPATICA,3
2024-06-10,HEPATICA,2
2024-06-17,HEPATICA,2
2024-06-24,HEPATICA,2
2024-07-01,HEPATICA,2
2024-07-08,HEPATICA,6
2024-07-15,HEPATICA,4
2024-07-22,HEPATICA,3
2024-07-29,HEPATICA,3
2024-08-05,HEPATICA,7
2024-08-12,HEPATICA,10
2024-08-19,HEPATICA,8
2024-08-26,HEPATICA,13
2024-09-02,HEPATICA,9
2024-09-09,HEPATICA,11
2024-09-16,HEPATICA,5
2024-09-23,HEPATICA,4
2024-09-30,HEPATICA,2
2024-10-07,HEPATICA,7
2024-10-14,HEPATICA,3
2024-10-21,HEPATICA,2
2024-10-28,HEPATICA,8
2024-11-04,HEPATICA,8
2024-11-11,HEPATICA,8
2024-11-18,HEPATICA,9
2024-11-25,HEPATICA,3
2024-12-02,HEPATICA,2
2024-12-09,HEPATICA,5
2024-12-16,HEPATICA,5
2024-12-23,HEPATICA,7
2024-12-30,HEPATICA,9
2025-01-06,HEPATICA,9
2025-01-13,HEPATICA,9
2025-01-20,HEPATICA,8
2025-01-27,HEPATICA,4
2025-02-03,HEPATICA,2
2025-02-10,HEPATICA,6
2025-02-17,HEPATICA,11
2025-02-24,HEPATICA,8
2025-03-03,HEPATICA,5
2025-03-10,HEPATICA,3
2025-03-17,HEPATICA,2
2025-03-31,HEPATICA,3
2025-04-07,HEPATICA,2
2025-05-05,HEPATICA,1
2025-05-19,HEPATICA,1
2025-06-02,HEPATICA,1
2025-06-09,HEPATICA,1
2025-06-30,HEPATICA,1
2025-07-07,HEPATICA,3
2025-07-14,HEPATICA,2
2025-07-21,HEPATICA,2
2025-07-28,HEPATICA,2
2025-08-04,HEPATICA,9
2025-08-11,HEPATICA,2
2025-08-18,HEPATICA,3
2025-08-25,HEPATICA,5
2025-09-01,HEPATICA,4
2025-09-08,HEPATICA,6
2025-09-15,HEPATICA,8
2025-09-22,HEPATICA,5
2025-09-29,HEPATICA,1
2025-10-06,HEPATICA,5
2025-10-13,HEPATICA,4
2025-10-20,HEPATICA,3
2025-10-27,HEPATICA,4
2025-11-03,HEPATICA,2
2025-11-10,HEPATICA,3
2025-11-17,HEPATICA,5
2025-12-01,HEPATICA,1
2025-12-08,HEPATICA,2
2025-12-15,HEPATICA,2
2025-12-22,HEPATICA,2
2025-12-29,HEPATICA,4
2026-01-05,HEPATICA,4
2026-01-12,HEPATICA,2
2026-01-19,HEPATICA,2
2026-01-26,HEPATICA,3
2026-02-02,HEPATICA,1
2026-02-09,HEPATICA,3
2026-02-16,HEPATICA,2
2026-03-02,HEPATICA,4
2026-03-09,HEPATICA,1
2026-03-16,HEPATICA,4
2026-03-23,HEPATICA,3
2026-03-30,HEPATICA,2
2026-04-13,HEPATICA,3
2026-04-20,HEPATICA,2
2026-04-27,HEPATICA,1
2026-05-04,HEPATICA,2
2026-06-01,HEPATICA,1
2026-06-15,HEPATICA,1
2026-06-29,HEPATICA,1
2026-07-06,HEPATICA,1
2026-08-03,HEPATICA,1
2020-02-10,IMUNODEPRE,1
2020-02-17,IMUNODEPRE,3
2020-02-24,IMUNODEPRE,2
2020-03-02,IMUNODEPRE,8
2020-03-09,IMUNODEPRE,56
2020-03-16,IMUNODEPRE,146
2020-03-23,IMUNODEPRE,171
2020-03-30,IMUNODEPRE,254
2020-04-06,IMUNODEPRE,295
2020-04-13,IMUNODEPRE,370
2020-04-20,IMUNODEPRE,511
2020-04-27,IMUNODEPRE,510
2020-05-04,IMUNODEPRE,530
2020-05-11,IMUNODEPRE,548
2020-05-18,IMUNODEPRE,511
2020-05-25,IMUNODEPRE,503
2020-06-01,IMUNODEPRE,583
2020-06-08,IMUNODEPRE,540
2020-06-15,IMUNODEPRE,631
2020-06-22,IMUNODEPRE,544
2020-06-29,IMUNODEPRE,650
2020-07-06,IMUNODEPRE,635
2020-07-13,IMUNODEPRE,552
2020-07-20,IMUNODEPRE,562
2020-07-27,IMUNODEPRE,494
2020-08-03,IMUNODEPRE,457
2020-08-10,IMUNODEPRE,499
2020-08-17,IMUNODEPRE,409
2020-08-24,IMUNODEPRE,404
2020-08-31,IMUNODEPRE,391
2020-09-07,IMUNODEPRE,330
2020-09-14,IMUNODEPRE,326
2020-09-21,IMUNODEPRE,280
2020-09-28,IMUNODEPRE,322
2020-10-05,IMUNODEPRE,296
2020-10-12,IMUNODEPRE,247
2020-10-19,IMUNODEPRE,230
2020-10-26,IMUNODEPRE,270
2020-11-02,IMUNODEPRE,308
2020-11-09,IMUNODEPRE,387
2020-11-16,IMUNODEPRE,412
2020-11-23,IMUNODEPRE,434
2020-11-30,IMUNODEPRE,535
2020-12-07,IMUNODEPRE,477
2020-12-14,IMUNODEPRE,448
2020-12-21,IMUNODEPRE,507
2020-12-28,IMUNODEPRE,479
2021-01-04,IMUNODEPRE,531
2021-01-11,IMUNODEPRE,481
2021-01-18,IMUNODEPRE,471
2021-01-25,IMUNODEPRE,435
2021-02-01,IMUNODEPRE,489
2021-02-08,IMUNODEPRE,556
2021-02-15,IMUNODEPRE,729
2021-02-22,IMUNODEPRE,779
2021-03-01,IMUNODEPRE,1026
2021-03-08,IMUNODEPRE,1000
2021-03-15,IMUNODEPRE,944
2021-03-22,IMUNODEPRE,776
2021-03-29,IMUNODEPRE,705
2021-04-05,IMUNODEPRE,632
2021-04-12,IMUNODEPRE,551
2021-04-19,IMUNODEPRE,609
2021-04-26,IMUNODEPRE,558
2021-05-03,IMUNODEPRE,619
2021-05-10,IMUNODEPRE,683
2021-05-17,IMUNODEPRE,700
2021-05-24,IMUNODEPRE,648
2021-05-31,IMUNODEPRE,636
2021-06-07,IMUNODEPRE,533
2021-06-14,IMUNODEPRE,455
2021-06-21,IMUNODEPRE,377
2021-06-28,IMUNODEPRE,357
2021-07-05,IMUNODEPRE,326
2021-07-12,IMUNODEPRE,306
2021-07-19,IMUNODEPRE,297
2021-07-26,IMUNODEPRE,284
2021-08-02,IMUNODEPRE,302
2021-08-09,IMUNODEPRE,292
2021-08-16,IMUNODEPRE,235
2021-08-23,IMUNODEPRE,255
2021-08-30,IMUNODEPRE,214
2021-09-06,IMUNODEPRE,165
2021-09-13,IMUNODEPRE,167
2021-09-20,IMUNODEPRE,175
2021-09-27,IMUNODEPRE,164
2021-10-04,IMUNODEPRE,147
2021-10-11,IMUNODEPRE,131
2021-10-18,IMUNODEPRE,114
2021-10-25,IMUNODEPRE,97
2021-11-01,IMUNODEPRE,84
2021-11-08,IMUNODEPRE,69
2021-11-15,IMUNODEPRE,82
2021-11-22,IMUNODEPRE,56
2021-11-29,IMUNODEPRE,61
2021-12-06,IMUNODEPRE,59
2021-12-13,IMUNODEPRE,60
2021-12-20,IMUNODEPRE,97
2021-12-27,IMUNODEPRE,206
2022-01-03,IMUNODEPRE,427
2022-01-10,IMUNODEPRE,836
2022-01-17,IMUNODEPRE,1073
2022-01-24,IMUNODEPRE,950
2022-01-31,IMUNODEPRE,742
2022-02-07,IMUNODEPRE,498
2022-02-14,IMUNODEPRE,327
2022-02-21,IMUNODEPRE,191
2022-02-28,IMUNODEPRE,154
2022-03-07,IMUNODEPRE,100
2022-03-14,IMUNODEPRE,77
2022-03-21,IMUNODEPRE,68
2022-03-28,IMUNODEPRE,53
2022-04-04,IMUNODEPRE,48
2022-04-11,IMUNODEPRE,40
2022-04-18,IMUNODEPRE,65
2022-04-25,IMUNODEPRE,60
2022-05-02,IMUNODEPRE,74
2022-05-09,IMUNODEPRE,125
2022-05-16,IMUNODEPRE,145
2022-05-23,IMUNODEPRE,222
2022-05-30,IMUNODEPRE,275
2022-06-06,IMUNODEPRE,275
2022-06-13,IMUNODEPRE,274
2022-06-20,IMUNODEPRE,331
2022-06-27,IMUNODEPRE,351
2022-07-04,IMUNODEPRE,305
2022-07-11,IMUNODEPRE,238
2022-07-18,IMUNODEPRE,169
2022-07-25,IMUNODEPRE,151
2022-08-01,IMUNODEPRE,121
2022-08-08,IMUNODEPRE,103
2022-08-15,IMUNODEPRE,81
2022-08-22,IMUNODEPRE,65
2022-08-29,IMUNODEPRE,55
2022-09-05,IMUNODEPRE,37
2022-09-12,IMUNODEPRE,26
2022-09-19,IMUNODEPRE,33
2022-09-26,IMUNODEPRE,30
2022-10-03,IMUNODEPRE,24
2022-10-10,IMUNODEPRE,26
2022-10-17,IMUNODEPRE,33
2022-10-24,IMUNODEPRE,58
2022-10-31,IMUNODEPRE,108
2022-11-07,IMUNODEPRE,185
2022-11-14,IMUNODEPRE,253
2022-11-21,IMUNODEPRE,221
2022-11-28,IMUNODEPRE,247
2022-12-05,IMUNODEPRE,200
2022-12-12,IMUNODEPRE,173
2022-12-19,IMUNODEPRE,208
2022-12-26,IMUNODEPRE,142
2023-01-02,IMUNODEPRE,121
2023-01-09,IMUNODEPRE,68
2023-01-16,IMUNODEPRE,68
2023-01-23,IMUNODEPRE,61
2023-01-30,IMUNODEPRE,51
2023-02-06,IMUNODEPRE,54
2023-02-13,IMUNODEPRE,73
2023-02-20,IMUNODEPRE,58
2023-02-27,IMUNODEPRE,93
2023-03-06,IMUNODEPRE,83
2023-03-13,IMUNODEPRE,89
2023-03-20,IMUNODEPRE,71
2023-03-27,IMUNODEPRE,65
2023-04-03,IMUNODEPRE,73
2023-04-10,IMUNODEPRE,61
2023-04-17,IMUNODEPRE,55
2023-04-24,IMUNODEPRE,54
2023-05-01,IMUNODEPRE,54
2023-05-08,IMUNODEPRE,53
2023-05-15,IMUNODEPRE,62
2023-05-22,IMUNODEPRE,37
2023-05-29,IMUNODEPRE,34
2023-06-05,IMUNODEPRE,27
2023-06-12,IMUNODEPRE,34
2023-06-19,IMUNODEPRE,35
2023-06-26,IMUNODEPRE,19
2023-07-03,IMUNODEPRE,18
2023-07-10,IMUNODEPRE,26
2023-07-17,IMUNODEPRE,15
2023-07-24,IMUNODEPRE,20
2023-07-31,IMUNODEPRE,17
2023-08-07,IMUNODEPRE,31
2023-08-14,IMUNODEPRE,29
2023-08-21,IMUNODEPRE,32
2023-08-28,IMUNODEPRE,37
2023-09-04,IMUNODEPRE,43
2023-09-11,IMUNODEPRE,47
2023-09-18,IMUNODEPRE,43
2023-09-25,IMUNODEPRE,60
2023-10-02,IMUNODEPRE,69
2023-10-09,IMUNODEPRE,73
2023-10-16,IMUNODEPRE,89
2023-10-23,IMUNODEPRE,91
2023-10-30,IMUNODEPRE,69
2023-11-06,IMUNODEPRE,72
2023-11-13,IMUNODEPRE,54
2023-11-20,IMUNODEPRE,55
2023-11-27,IMUNODEPRE,42
2023-12-04,IMUNODEPRE,35
2023-12-11,IMUNODEPRE,44
2023-12-18,IMUNODEPRE,31
2023-12-25,IMUNODEPRE,42
2024-01-01,IMUNODEPRE,44
2024-01-08,IMUNODEPRE,47
2024-01-15,IMUNODEPRE,57
2024-01-22,IMUNODEPRE,47
2024-01-29,IMUNODEPRE,63
2024-02-05,IMUNODEPRE,68
2024-02-12,IMUNODEPRE,83
2024-02-19,IMUNODEPRE,90
2024-02-26,IMUNODEPRE,60
2024-03-04,IMUNODEPRE,67
2024-03-11,IMUNODEPRE,54
2024-03-18,IMUNODEPRE,30
2024-03-25,IMUNODEPRE,19
2024-04-01,IMUNODEPRE,21
2024-04-08,IMUNODEPRE,15
2024-04-15,IMUNODEPRE,13
2024-04-22,IMUNODEPRE,13
2024-04-29,IMUNODEPRE,9
2024-05-06,IMUNODEPRE,7
2024-05-13,IMUNODEPRE,4
2024-05-20,IMUNODEPRE,9
2024-05-27,IMUNODEPRE,7
2024-06-03,IMUNODEPRE,6
2024-06-10,IMUNODEPRE,18
2024-06-17,IMUNODEPRE,5
2024-06-24,IMUNODEPRE,10
2024-07-01,IMUNODEPRE,11
2024-07-08,IMUNODEPRE,9
2024-07-15,IMUNODEPRE,15
2024-07-22,IMUNODEPRE,19
2024-07-29,IMUNODEPRE,20
2024-08-05,IMUNODEPRE,23
2024-08-12,IMUNODEPRE,39
2024-08-19,IMUNODEPRE,54
2024-08-26,IMUNODEPRE,36
2024-09-02,IMUNODEPRE,41
2024-09-09,IMUNODEPRE,42
2024-09-16,IMUNODEPRE,34
2024-09-23,IMUNODEPRE,19
2024-09-30,IMUNODEPRE,28
2024-10-07,IMUNODEPRE,21
2024-10-14,IMUNODEPRE,20
2024-10-21,IMUNODEPRE,18
2024-10-28,IMUNODEPRE,23
2024-11-04,IMUNODEPRE,22
2024-11-11,IMUNODEPRE,28
2024-11-18,IMUNODEPRE,20
2024-11-25,IMUNODEPRE,33
2024-12-02,IMUNODEPRE,32
2024-12-09,IMUNODEPRE,29
2024-12-16,IMUNODEPRE,32
2024-12-23,IMUNODEPRE,23
2024-12-30,IMUNODEPRE,39
2025-01-06,IMUNODEPRE,34
2025-01-13,IMUNODEPRE,38
2025-01-20,IMUNODEPRE,41
2025-01-27,IMUNODEPRE,26
2025-02-03,IMUNODEPRE,25
2025-02-10,IMUNODEPRE,34
2025-02-17,IMUNODEPRE,36
2025-02-24,IMUNODEPRE,31
2025-03-03,IMUNODEPRE,19
2025-03-10,IMUNODEPRE,18
2025-03-17,IMUNODEPRE,14
2025-03-24,IMUNODEPRE,12
2025-03-31,IMUNODEPRE,6
2025-04-07,IMUNODEPRE,7
2025-04-14,IMUNODEPRE,6
2025-04-21,IMUNODEPRE,11
2025-04-28,IMUNODEPRE,4
2025-05-05,IMUNODEPRE,5
2025-05-12,IMUNODEPRE,6
2025-05-19,IMUNODEPRE,5
2025-05-26,IMUNODEPRE,5
2025-06-02,IMUNODEPRE,6
2025-06-09,IMUNODEPRE,4
2025-06-16,IMUNODEPRE,6
2025-06-23,IMUNODEPRE,9
2025-06-30,IMUNODEPRE,6
2025-07-07,IMUNODEPRE,11
2025-07-14,IMUNODEPRE,11
2025-07-21,IMUNODEPRE,9
2025-07-28,IMUNODEPRE,12
2025-08-04,IMUNODEPRE,23
2025-08-11,IMUNODEPRE,13
2025-08-18,IMUNODEPRE,28
2025-08-25,IMUNODEPRE,22
2025-09-01,IMUNODEPRE,25
2025-09-08,IMUNODEPRE,22
2025-09-15,IMUNODEPRE,30
2025-09-22,IMUNODEPRE,19
2025-09-29,IMUNODEPRE,22
2025-10-06,IMUNODEPRE,18
2025-10-13,IMUNODEPRE,16
2025-10-20,IMUNODEPRE,15
2025-10-27,IMUNODEPRE,15
2025-11-03,IMUNODEPRE,16
2025-11-10,IMUNODEPRE,10
2025-11-17,IMUNODEPRE,16
2025-11-24,IMUNODEPRE,18
2025-12-01,IMUNODEPRE,11
2025-12-08,IMUNODEPRE,14
2025-12-15,IMUNODEPRE,18
2025-12-22,IMUNODEPRE,5
2025-12-29,IMUNODEPRE,13
2026-01-05,IMUNODEPRE,15
2026-01-12,IMUNODEPRE,17
2026-01-19,IMUNODEPRE,22
2026-01-26,IMUNODEPRE,15
2026-02-02,IMUNODEPRE,14
2026-02-09,IMUNODEPRE,16
2026-02-16,IMUNODEPRE,18
2026-02-23,IMUNODEPRE,18
2026-03-02,IMUNODEPRE,10
2026-03-09,IMUNODEPRE,8
2026-03-16,IMUNODEPRE,12
2026-03-23,IMUNODEPRE,7
2026-03-30,IMUNODEPRE,13
2026-04-06,IMUNODEPRE,5
2026-04-13,IMUNODEPRE,6
2026-04-20,IMUNODEPRE,8
2026-04-27,IMUNODEPRE,7
2026-05-04,IMUNODEPRE,5
2026-05-11,IMUNODEPRE,1
2026-05-18,IMUNODEPRE,2
2026-05-25,IMUNODEPRE,1
2026-06-01,IMUNODEPRE,4
2026-06-08,IMUNODEPRE,5
2026-06-15,IMUNODEPRE,4
2026-06-22,IMUNODEPRE,1
2026-06-29,IMUNODEPRE,4
2026-07-06,IMUNODEPRE,3
2026-07-13,IMUNODEPRE,2
2026-07-20,IMUNODEPRE,1
2026-08-03,IMUNODEPRE,1
2020-02-10,NEUROLOGIC,1
2020-02-24,NEUROLOGIC,4
2020-03-02,NEUROLOGIC,9
2020-03-09,NEUROLOGIC,30
2020-03-16,NEUROLOGIC,109
2020-03-23,NEUROLOGIC,198
2020-03-30,NEUROLOGIC,260
2020-04-06,NEUROLOGIC,357
2020-04-13,NEUROLOGIC,485
2020-04-20,NEUROLOGIC,625
2020-04-27,NEUROLOGIC,724
2020-05-04,NEUROLOGIC,768
2020-05-11,NEUROLOGIC,778
2020-05-18,NEUROLOGIC,754
2020-05-25,NEUROLOGIC,727
2020-06-01,NEUROLOGIC,907
2020-06-08,NEUROLOGIC,777
2020-06-15,NEUROLOGIC,758
2020-06-22,NEUROLOGIC,827
2020-06-29,NEUROLOGIC,971
2020-07-06,NEUROLOGIC,961
2020-07-13,NEUROLOGIC,942
2020-07-20,NEUROLOGIC,849
2020-07-27,NEUROLOGIC,780
2020-08-03,NEUROLOGIC,771
2020-08-10,NEUROLOGIC,807
2020-08-17,NEUROLOGIC,710
2020-08-24,NEUROLOGIC,669
2020-08-31,NEUROLOGIC,660
2020-09-07,NEUROLOGIC,610
2020-09-14,NEUROLOGIC,536
2020-09-21,NEUROLOGIC,504
2020-09-28,NEUROLOGIC,517
2020-10-05,NEUROLOGIC,485
2020-10-12,NEUROLOGIC,411
2020-10-19,NEUROLOGIC,419
2020-10-26,NEUROLOGIC,419
2020-11-02,NEUROLOGIC,492
2020-11-09,NEUROLOGIC,596
2020-11-16,NEUROLOGIC,637
2020-11-23,NEUROLOGIC,700
2020-11-30,NEUROLOGIC,815
2020-12-07,NEUROLOGIC,788
2020-12-14,NEUROLOGIC,803
2020-12-21,NEUROLOGIC,727
2020-12-28,NEUROLOGIC,877
2021-01-04,NEUROLOGIC,960
2021-01-11,NEUROLOGIC,806
2021-01-18,NEUROLOGIC,795
2021-01-25,NEUROLOGIC,681
2021-02-01,NEUROLOGIC,840
2021-02-08,NEUROLOGIC,925
2021-02-15,NEUROLOGIC,1122
2021-02-22,NEUROLOGIC,1231
2021-03-01,NEUROLOGIC,1544
2021-03-08,NEUROLOGIC,1541
2021-03-15,NEUROLOGIC,1468
2021-03-22,NEUROLOGIC,1166
2021-03-29,NEUROLOGIC,1113
2021-04-05,NEUROLOGIC,996
2021-04-12,NEUROLOGIC,842
2021-04-19,NEUROLOGIC,807
2021-04-26,NEUROLOGIC,852
2021-05-03,NEUROLOGIC,843
2021-05-10,NEUROLOGIC,935
2021-05-17,NEUROLOGIC,984
2021-05-24,NEUROLOGIC,918
2021-05-31,NEUROLOGIC,884
2021-06-07,NEUROLOGIC,745
2021-06-14,NEUROLOGIC,670
2021-06-21,NEUROLOGIC,547
2021-06-28,NEUROLOGIC,516
2021-07-05,NEUROLOGIC,535
2021-07-12,NEUROLOGIC,462
2021-07-19,NEUROLOGIC,479
2021-07-26,NEUROLOGIC,466
2021-08-02,NEUROLOGIC,468
2021-08-09,NEUROLOGIC,443
2021-08-16,NEUROLOGIC,415
2021-08-23,NEUROLOGIC,343
2021-08-30,NEUROLOGIC,415
2021-09-06,NEUROLOGIC,346
2021-09-13,NEUROLOGIC,327
2021-09-20,NEUROLOGIC,309
2021-09-27,NEUROLOGIC,251
2021-10-04,NEUROLOGIC,185
2021-10-11,NEUROLOGIC,170
2021-10-18,NEUROLOGIC,167
2021-10-25,NEUROLOGIC,145
2021-11-01,NEUROLOGIC,134
2021-11-08,NEUROLOGIC,109
2021-11-15,NEUROLOGIC,118
2021-11-22,NEUROLOGIC,79
2021-11-29,NEUROLOGIC,99
2021-12-06,NEUROLOGIC,86
2021-12-13,NEUROLOGIC,77
2021-12-20,NEUROLOGIC,130
2021-12-27,NEUROLOGIC,303
2022-01-03,NEUROLOGIC,769
2022-01-10,NEUROLOGIC,1548
2022-01-17,NEUROLOGIC,2038
2022-01-24,NEUROLOGIC,1603
2022-01-31,NEUROLOGIC,1313
2022-02-07,NEUROLOGIC,722
2022-02-14,NEUROLOGIC,486
2022-02-21,NEUROLOGIC,264
2022-02-28,NEUROLOGIC,203
2022-03-07,NEUROLOGIC,120
2022-03-14,NEUROLOGIC,110
2022-03-21,NEUROLOGIC,64
2022-03-28,NEUROLOGIC,51
2022-04-04,NEUROLOGIC,63
2022-04-11,NEUROLOGIC,58
2022-04-18,NEUROLOGIC,96
2022-04-25,NEUROLOGIC,89
2022-05-02,NEUROLOGIC,131
2022-05-09,NEUROLOGIC,194
2022-05-16,NEUROLOGIC,255
2022-05-23,NEUROLOGIC,392
2022-05-30,NEUROLOGIC,471
2022-06-06,NEUROLOGIC,502
2022-06-13,NEUROLOGIC,577
2022-06-20,NEUROLOGIC,645
2022-06-27,NEUROLOGIC,602
2022-07-04,NEUROLOGIC,507
2022-07-11,NEUROLOGIC,394
2022-07-18,NEUROLOGIC,319
2022-07-25,NEUROLOGIC,202
2022-08-01,NEUROLOGIC,183
2022-08-08,NEUROLOGIC,133
2022-08-15,NEUROLOGIC,117
2022-08-22,NEUROLOGIC,94
2022-08-29,NEUROLOGIC,51
2022-09-05,NEUROLOGIC,54
2022-09-12,NEUROLOGIC,28
2022-09-19,NEUROLOGIC,25
2022-09-26,NEUROLOGIC,35
2022-10-03,NEUROLOGIC,27
2022-10-10,NEUROLOGIC,33
2022-10-17,NEUROLOGIC,35
2022-10-24,NEUROLOGIC,61
2022-10-31,NEUROLOGIC,120
2022-11-07,NEUROLOGIC,257
2022-11-14,NEUROLOGIC,367
2022-11-21,NEUROLOGIC,417
2022-11-28,NEUROLOGIC,465
2022-12-05,NEUROLOGIC,470
2022-12-12,NEUROLOGIC,382
2022-12-19,NEUROLOGIC,317
2022-12-26,NEUROLOGIC,303
2023-01-02,NEUROLOGIC,183
2023-01-09,NEUROLOGIC,116
2023-01-16,NEUROLOGIC,97
2023-01-23,NEUROLOGIC,77
2023-01-30,NEUROLOGIC,69
2023-02-06,NEUROLOGIC,83
2023-02-13,NEUROLOGIC,99
2023-02-20,NEUROLOGIC,124
2023-02-27,NEUROLOGIC,169
2023-03-06,NEUROLOGIC,145
2023-03-13,NEUROLOGIC,115
2023-03-20,NEUROLOGIC,121
2023-03-27,NEUROLOGIC,101
2023-04-03,NEUROLOGIC,100
2023-04-10,NEUROLOGIC,82
2023-04-17,NEUROLOGIC,86
2023-04-24,NEUROLOGIC,64
2023-05-01,NEUROLOGIC,78
2023-05-08,NEUROLOGIC,71
2023-05-15,NEUROLOGIC,75
2023-05-22,NEUROLOGIC,54
2023-05-29,NEUROLOGIC,48
2023-06-05,NEUROLOGIC,50
2023-06-12,NEUROLOGIC,42
2023-06-19,NEUROLOGIC,40
2023-06-26,NEUROLOGIC,45
2023-07-03,NEUROLOGIC,22
2023-07-10,NEUROLOGIC,37
2023-07-17,NEUROLOGIC,22
2023-07-24,NEUROLOGIC,22
2023-07-31,NEUROLOGIC,32
2023-08-07,NEUROLOGIC,25
2023-08-14,NEUROLOGIC,37
2023-08-21,NEUROLOGIC,41
2023-08-28,NEUROLOGIC,57
2023-09-04,NEUROLOGIC,75
2023-09-11,NEUROLOGIC,71
2023-09-18,NEUROLOGIC,108
2023-09-25,NEUROLOGIC,126
2023-10-02,NEUROLOGIC,114
2023-10-09,NEUROLOGIC,110
2023-10-16,NEUROLOGIC,143
2023-10-23,NEUROLOGIC,137
2023-10-30,NEUROLOGIC,132
2023-11-06,NEUROLOGIC,124
2023-11-13,NEUROLOGIC,112
2023-11-20,NEUROLOGIC,74
2023-11-27,NEUROLOGIC,82
2023-12-04,NEUROLOGIC,62
2023-12-11,NEUROLOGIC,49
2023-12-18,NEUROLOGIC,63
2023-12-25,NEUROLOGIC,59
2024-01-01,NEUROLOGIC,75
2024-01-08,NEUROLOGIC,72
2024-01-15,NEUROLOGIC,83
2024-01-22,NEUROLOGIC,77
2024-01-29,NEUROLOGIC,92
2024-02-05,NEUROLOGIC,136
2024-02-12,NEUROLOGIC,145
2024-02-19,NEUROLOGIC,175
2024-02-26,NEUROLOGIC,155
2024-03-04,NEUROLOGIC,94
2024-03-11,NEUROLOGIC,79
2024-03-18,NEUROLOGIC,55
2024-03-25,NEUROLOGIC,37
2024-04-01,NEUROLOGIC,21
2024-04-08,NEUROLOGIC,17
2024-04-15,NEUROLOGIC,11
2024-04-22,NEUROLOGIC,8
2024-04-29,NEUROLOGIC,13
2024-05-06,NEUROLOGIC,8
2024-05-13,NEUROLOGIC,7
2024-05-20,NEUROLOGIC,11
2024-05-27,NEUROLOGIC,12
2024-06-03,NEUROLOGIC,13
2024-06-10,NEUROLOGIC,10
2024-06-17,NEUROLOGIC,13
2024-06-24,NEUROLOGIC,15
2024-07-01,NEUROLOGIC,16
2024-07-08,NEUROLOGIC,27
2024-07-15,NEUROLOGIC,22
2024-07-22,NEUROLOGIC,21
2024-07-29,NEUROLOGIC,32
2024-08-05,NEUROLOGIC,42
2024-08-12,NEUROLOGIC,72
2024-08-19,NEUROLOGIC,61
2024-08-26,NEUROLOGIC,79
2024-09-02,NEUROLOGIC,79
2024-09-09,NEUROLOGIC,68
2024-09-16,NEUROLOGIC,42
2024-09-23,NEUROLOGIC,51
2024-09-30,NEUROLOGIC,27
2024-10-07,NEUROLOGIC,39
2024-10-14,NEUROLOGIC,34
2024-10-21,NEUROLOGIC,25
2024-10-28,NEUROLOGIC,35
2024-11-04,NEUROLOGIC,37
2024-11-11,NEUROLOGIC,53
2024-11-18,NEUROLOGIC,53
2024-11-25,NEUROLOGIC,54
2024-12-02,NEUROLOGIC,51
2024-12-09,NEUROLOGIC,64
2024-12-16,NEUROLOGIC,51
2024-12-23,NEUROLOGIC,58
2024-12-30,NEUROLOGIC,63
2025-01-06,NEUROLOGIC,51
2025-01-13,NEUROLOGIC,65
2025-01-20,NEUROLOGIC,54
2025-01-27,NEUROLOGIC,44
2025-02-03,NEUROLOGIC,62
2025-02-10,NEUROLOGIC,45
2025-02-17,NEUROLOGIC,45
2025-02-24,NEUROLOGIC,49
2025-03-03,NEUROLOGIC,39
2025-03-10,NEUROLOGIC,25
2025-03-17,NEUROLOGIC,19
2025-03-24,NEUROLOGIC,13
2025-03-31,NEUROLOGIC,9
2025-04-07,NEUROLOGIC,7
2025-04-14,NEUROLOGIC,8
2025-04-21,NEUROLOGIC,5
2025-04-28,NEUROLOGIC,12
2025-05-05,NEUROLOGIC,11
2025-05-12,NEUROLOGIC,6
2025-05-19,NEUROLOGIC,1
2025-05-26,NEUROLOGIC,6
2025-06-02,NEUROLOGIC,9
2025-06-09,NEUROLOGIC,6
2025-06-16,NEUROLOGIC,6
2025-06-23,NEUROLOGIC,9
2025-06-30,NEUROLOGIC,9
2025-07-07,NEUROLOGIC,16
2025-07-14,NEUROLOGIC,12
2025-07-21,NEUROLOGIC,16
2025-07-28,NEUROLOGIC,19
2025-08-04,NEUROLOGIC,19
2025-08-11,NEUROLOGIC,26
2025-08-18,NEUROLOGIC,33
2025-08-25,NEUROLOGIC,28
2025-09-01,NEUROLOGIC,32
2025-09-08,NEUROLOGIC,35
2025-09-15,NEUROLOGIC,31
2025-09-22,NEUROLOGIC,29
2025-09-29,NEUROLOGIC,35
2025-10-06,NEUROLOGIC,20
2025-10-13,NEUROLOGIC,22
2025-10-20,NEUROLOGIC,30
2025-10-27,NEUROLOGIC,26
2025-11-03,NEUROLOGIC,20
2025-11-10,NEUROLOGIC,31
2025-11-17,NEUROLOGIC,26
2025-11-24,NEUROLOGIC,18
2025-12-01,NEUROLOGIC,28
2025-12-08,NEUROLOGIC,20
2025-12-15,NEUROLOGIC,18
2025-12-22,NEUROLOGIC,26
2025-12-29,NEUROLOGIC,25
2026-01-05,NEUROLOGIC,20
2026-01-12,NEUROLOGIC,15
2026-01-19,NEUROLOGIC,20
2026-01-26,NEUROLOGIC,18
2026-02-02,NEUROLOGIC,16
2026-02-09,NEUROLOGIC,17
2026-02-16,NEUROLOGIC,26
2026-02-23,NEUROLOGIC,24
2026-03-02,NEUROLOGIC,21
2026-03-09,NEUROLOGIC,16
2026-03-16,NEUROLOGIC,10
2026-03-23,NEUROLOGIC,10
2026-03-30,NEUROLOGIC,17
2026-04-06,NEUROLOGIC,4
2026-04-13,NEUROLOGIC,7
2026-04-20,NEUROLOGIC,8
2026-04-27,NEUROLOGIC,8
2026-05-04,NEUROLOGIC,1
2026-05-11,NEUROLOGIC,6
2026-05-18,NEUROLOGIC,5
2026-05-25,NEUROLOGIC,4
2026-06-01,NEUROLOGIC,2
2026-06-08,NEUROLOGIC,5
2026-06-15,NEUROLOGIC,6
2026-06-22,NEUROLOGIC,4
2026-06-29,NEUROLOGIC,4
2026-07-06,NEUROLOGIC,3
2026-07-20,NEUROLOGIC,3
2026-08-03,NEUROLOGIC,3
2026-08-10,NEUROLOGIC,1
2020-02-10,OBESIDADE,1
2020-02-17,OBESIDADE,6
2020-02-24,OBESIDADE,4
2020-03-02,OBESIDADE,11
2020-03-09,OBESIDADE,48
2020-03-16,OBESIDADE,150
2020-03-23,OBESIDADE,232
2020-03-30,OBESIDADE,271
2020-04-06,OBESIDADE,394
2020-04-13,OBESIDADE,523
2020-04-20,OBESIDADE,678
2020-04-27,OBESIDADE,769
2020-05-04,OBESIDADE,832
2020-05-11,OBESIDADE,877
2020-05-18,OBESIDADE,880
2020-05-25,OBESIDADE,838
2020-06-01,OBESIDADE,1002
2020-06-08,OBESIDADE,1020
2020-06-15,OBESIDADE,1052
2020-06-22,OBESIDADE,1071
2020-06-29,OBESIDADE,1198
2020-07-06,OBESIDADE,1262
2020-07-13,OBESIDADE,1207
2020-07-20,OBESIDADE,1252
2020-07-27,OBESIDADE,1301
2020-08-03,OBESIDADE,1248
2020-08-10,OBESIDADE,1238
2020-08-17,OBESIDADE,1179
2020-08-24,OBESIDADE,1025
2020-08-31,OBESIDADE,1034
2020-09-07,OBESIDADE,1018
2020-09-14,OBESIDADE,931
2020-09-21,OBESIDADE,803
2020-09-28,OBESIDADE,755
2020-10-05,OBESIDADE,776
2020-10-12,OBESIDADE,715
2020-10-19,OBESIDADE,761
2020-10-26,OBESIDADE,885
2020-11-02,OBESIDADE,1051
2020-11-09,OBESIDADE,1402
2020-11-16,OBESIDADE,1544
2020-11-23,OBESIDADE,1582
2020-11-30,OBESIDADE,1891
2020-12-07,OBESIDADE,1755
2020-12-14,OBESIDADE,1636
2020-12-21,OBESIDADE,1722
2020-12-28,OBESIDADE,1984
2021-01-04,OBESIDADE,2136
2021-01-11,OBESIDADE,1793
2021-01-18,OBESIDADE,1831
2021-01-25,OBESIDADE,1715
2021-02-01,OBESIDADE,2213
2021-02-08,OBESIDADE,2875
2021-02-15,OBESIDADE,3675
2021-02-22,OBESIDADE,4417
2021-03-01,OBESIDADE,5868
2021-03-08,OBESIDADE,5996
2021-03-15,OBESIDADE,5617
2021-03-22,OBESIDADE,4693
2021-03-29,OBESIDADE,4444
2021-04-05,OBESIDADE,4174
2021-04-12,OBESIDADE,3717
2021-04-19,OBESIDADE,3871
2021-04-26,OBESIDADE,4171
2021-05-03,OBESIDADE,4422
2021-05-10,OBESIDADE,5121
2021-05-17,OBESIDADE,4927
2021-05-24,OBESIDADE,4888
2021-05-31,OBESIDADE,4730
2021-06-07,OBESIDADE,3804
2021-06-14,OBESIDADE,3235
2021-06-21,OBESIDADE,2406
2021-06-28,OBESIDADE,2285
2021-07-05,OBESIDADE,2006
2021-07-12,OBESIDADE,1606
2021-07-19,OBESIDADE,1486
2021-07-26,OBESIDADE,1445
2021-08-02,OBESIDADE,1243
2021-08-09,OBESIDADE,1137
2021-08-16,OBESIDADE,923
2021-08-23,OBESIDADE,791
2021-08-30,OBESIDADE,672
2021-09-06,OBESIDADE,642
2021-09-13,OBESIDADE,562
2021-09-20,OBESIDADE,533
2021-09-27,OBESIDADE,480
2021-10-04,OBESIDADE,396
2021-10-11,OBESIDADE,365
2021-10-18,OBESIDADE,304
2021-10-25,OBESIDADE,307
2021-11-01,OBESIDADE,259
2021-11-08,OBESIDADE,217
2021-11-15,OBESIDADE,186
2021-11-22,OBESIDADE,193
2021-11-29,OBESIDADE,145
2021-12-06,OBESIDADE,153
2021-12-13,OBESIDADE,135
2021-12-20,OBESIDADE,194
2021-12-27,OBESIDADE,324
2022-01-03,OBESIDADE,669
2022-01-10,OBESIDADE,1153
2022-01-17,OBESIDADE,1399
2022-01-24,OBESIDADE,1024
2022-01-31,OBESIDADE,816
2022-02-07,OBESIDADE,471
2022-02-14,OBESIDADE,303
2022-02-21,OBESIDADE,164
2022-02-28,OBESIDADE,128
2022-03-07,OBESIDADE,55
2022-03-14,OBESIDADE,46
2022-03-21,OBESIDADE,49
2022-03-28,OBESIDADE,30
2022-04-04,OBESIDADE,47
2022-04-11,OBESIDADE,33
2022-04-18,OBESIDADE,40
2022-04-25,OBESIDADE,43
2022-05-02,OBESIDADE,60
2022-05-09,OBESIDADE,109
2022-05-16,OBESIDADE,160
2022-05-23,OBESIDADE,180
2022-05-30,OBESIDADE,198
2022-06-06,OBESIDADE,198
2022-06-13,OBESIDADE,229
2022-06-20,OBESIDADE,275
2022-06-27,OBESIDADE,239
2022-07-04,OBESIDADE,220
2022-07-11,OBESIDADE,167
2022-07-18,OBESIDADE,130
2022-07-25,OBESIDADE,111
2022-08-01,OBESIDADE,88
2022-08-08,OBESIDADE,71
2022-08-15,OBESIDADE,47
2022-08-22,OBESIDADE,45
2022-08-29,OBESIDADE,31
2022-09-05,OBESIDADE,21
2022-09-12,OBESIDADE,17
2022-09-19,OBESIDADE,17
2022-09-26,OBESIDADE,19
2022-10-03,OBESIDADE,9
2022-10-10,OBESIDADE,17
2022-10-17,OBESIDADE,24
2022-10-24,OBESIDADE,34
2022-10-31,OBESIDADE,60
2022-11-07,OBESIDADE,119
2022-11-14,OBESIDADE,183
2022-11-21,OBESIDADE,179
2022-11-28,OBESIDADE,179
2022-12-05,OBESIDADE,196
2022-12-12,OBESIDADE,162
2022-12-19,OBESIDADE,172
2022-12-26,OBESIDADE,118
2023-01-02,OBESIDADE,84
2023-01-09,OBESIDADE,66
2023-01-16,OBESIDADE,48
2023-01-23,OBESIDADE,29
2023-01-30,OBESIDADE,39
2023-02-06,OBESIDADE,53
2023-02-13,OBESIDADE,41
2023-02-20,OBESIDADE,52
2023-02-27,OBESIDADE,55
2023-03-06,OBESIDADE,67
2023-03-13,OBESIDADE,55
2023-03-20,OBESIDADE,49
2023-03-27,OBESIDADE,46
2023-04-03,OBESIDADE,44
2023-04-10,OBESIDADE,40
2023-04-17,OBESIDADE,37
2023-04-24,OBESIDADE,32
2023-05-01,OBESIDADE,46
2023-05-08,OBESIDADE,28
2023-05-15,OBESIDADE,30
2023-05-22,OBESIDADE,33
2023-05-29,OBESIDADE,22
2023-06-05,OBESIDADE,15
2023-06-12,OBESIDADE,12
2023-06-19,OBESIDADE,29
2023-06-26,OBESIDADE,15
2023-07-03,OBESIDADE,19
2023-07-10,OBESIDADE,21
2023-07-17,OBESIDADE,10
2023-07-24,OBESIDADE,16
2023-07-31,OBESIDADE,14
2023-08-07,OBESIDADE,16
2023-08-14,OBESIDADE,22
2023-08-21,OBESIDADE,18
2023-08-28,OBESIDADE,22
2023-09-04,OBESIDADE,25
2023-09-11,OBESIDADE,19
2023-09-18,OBESIDADE,34
2023-09-25,OBESIDADE,36
2023-10-02,OBESIDADE,57
2023-10-09,OBESIDADE,57
2023-10-16,OBESIDADE,65
2023-10-23,OBESIDADE,56
2023-10-30,OBESIDADE,52
2023-11-06,OBESIDADE,40
2023-11-13,OBESIDADE,42
2023-11-20,OBESIDADE,31
2023-11-27,OBESIDADE,32
2023-12-04,OBESIDADE,26
2023-12-11,OBESIDADE,30
2023-12-18,OBESIDADE,18
2023-12-25,OBESIDADE,24
2024-01-01,OBESIDADE,34
2024-01-08,OBESIDADE,33
2024-01-15,OBESIDADE,42
2024-01-22,OBESIDADE,32
2024-01-29,OBESIDADE,38
2024-02-05,OBESIDADE,48
2024-02-12,OBESIDADE,61
2024-02-19,OBESIDADE,67
2024-02-26,OBESIDADE,58
2024-03-04,OBESIDADE,46
2024-03-11,OBESIDADE,23
2024-03-18,OBESIDADE,19
2024-03-25,OBESIDADE,14
2024-04-01,OBESIDADE,14
2024-04-08,OBESIDADE,3
2024-04-15,OBESIDADE,4
2024-04-22,OBESIDADE,9
2024-04-29,OBESIDADE,4
2024-05-06,OBESIDADE,7
2024-05-13,OBESIDADE,6
2024-05-20,OBESIDADE,4
2024-05-27,OBESIDADE,7
2024-06-03,OBESIDADE,6
2024-06-10,OBESIDADE,4
2024-06-17,OBESIDADE,5
2024-06-24,OBESIDADE,3
2024-07-01,OBESIDADE,10
2024-07-08,OBESIDADE,8
2024-07-15,OBESIDADE,9
2024-07-22,OBESIDADE,14
2024-07-29,OBESIDADE,7
2024-08-05,OBESIDADE,13
2024-08-12,OBESIDADE,24
2024-08-19,OBESIDADE,34
2024-08-26,OBESIDADE,29
2024-09-02,OBESIDADE,35
2024-09-09,OBESIDADE,25
2024-09-16,OBESIDADE,29
2024-09-23,OBESIDADE,15
2024-09-30,OBESIDADE,16
2024-10-07,OBESIDADE,14
2024-10-14,OBESIDADE,22
2024-10-21,OBESIDADE,15
2024-10-28,OBESIDADE,10
2024-11-04,OBESIDADE,19
2024-11-11,OBESIDADE,27
2024-11-18,OBESIDADE,13
2024-11-25,OBESIDADE,20
2024-12-02,OBESIDADE,19
2024-12-09,OBESIDADE,24
2024-12-16,OBESIDADE,24
2024-12-23,OBESIDADE,25
2024-12-30,OBESIDADE,28
2025-01-06,OBESIDADE,25
2025-01-13,OBESIDADE,24
2025-01-20,OBESIDADE,25
2025-01-27,OBESIDADE,25
2025-02-03,OBESIDADE,25
2025-02-10,OBESIDADE,20
2025-02-17,OBESIDADE,29
2025-02-24,OBESIDADE,20
2025-03-03,OBESIDADE,15
2025-03-10,OBESIDADE,8
2025-03-17,OBESIDADE,6
2025-03-24,OBESIDADE,1
2025-03-31,OBESIDADE,4
2025-04-07,OBESIDADE,5
2025-04-14,OBESIDADE,4
2025-04-21,OBESIDADE,2
2025-04-28,OBESIDADE,3
2025-05-05,OBESIDADE,7
2025-05-12,OBESIDADE,5
2025-05-19,OBESIDADE,5
2025-05-26,OBESIDADE,2
2025-06-02,OBESIDADE,6
2025-06-09,OBESIDADE,5
2025-06-16,OBESIDADE,6
2025-06-23,OBESIDADE,1
2025-07-07,OBESIDADE,6
2025-07-14,OBESIDADE,5
2025-07-21,OBESIDADE,8
2025-07-28,OBESIDADE,10
2025-08-04,OBESIDADE,8
2025-08-11,OBESIDADE,9
2025-08-18,OBESIDADE,16
2025-08-25,OBESIDADE,11
2025-09-01,OBESIDADE,13
2025-09-08,OBESIDADE,17
2025-09-15,OBESIDADE,16
2025-09-22,OBESIDADE,22
2025-09-29,OBESIDADE,12
2025-10-06,OBESIDADE,11
2025-10-13,OBESIDADE,17
2025-10-20,OBESIDADE,9
2025-10-27,OBESIDADE,16
2025-11-03,OBESIDADE,11
2025-11-10,OBESIDADE,14
2025-11-17,OBESIDADE,7
2025-11-24,OBESIDADE,3
2025-12-01,OBESIDADE,10
2025-12-08,OBESIDADE,11
2025-12-15,OBESIDADE,5
2025-12-22,OBESIDADE,7
2025-12-29,OBESIDADE,12
2026-01-05,OBESIDADE,10
2026-01-12,OBESIDADE,8
2026-01-19,OBESIDADE,6
2026-01-26,OBESIDADE,7
2026-02-02,OBESIDADE,7
2026-02-09,OBESIDADE,8
2026-02-16,OBESIDADE,15
2026-02-23,OBESIDADE,11
2026-03-02,OBESIDADE,7
2026-03-09,OBESIDADE,10
2026-03-16,OBESIDADE,2
2026-03-23,OBESIDADE,8
2026-03-30,OBESIDADE,6
2026-04-06,OBESIDADE,4
2026-04-13,OBESIDADE,3
2026-04-20,OBESIDADE,5
2026-04-27,OBESIDADE,2
2026-05-04,OBESIDADE,3
2026-05-11,OBESIDADE,1
2026-05-18,OBESIDADE,1
2026-05-25,OBESIDADE,3
2026-06-01,OBESIDADE,3
2026-06-08,OBESIDADE,2
2026-06-15,OBESIDADE,6
2026-06-22,OBESIDADE,1
2026-06-29,OBESIDADE,5
2026-07-06,OBESIDADE,2
2026-07-13,OBESIDADE,1
2026-07-20,OBESIDADE,2
2020-02-17,PNEUMOPATI,1
2020-02-24,PNEUMOPATI,2
2020-03-02,PNEUMOPATI,22
2020-03-09,PNEUMOPATI,86
2020-03-16,PNEUMOPATI,184
2020-03-23,PNEUMOPATI,232
2020-03-30,PNEUMOPATI,327
2020-04-06,PNEUMOPATI,394
2020-04-13,PNEUMOPATI,439
2020-04-20,PNEUMOPATI,551
2020-04-27,PNEUMOPATI,707
2020-05-04,PNEUMOPATI,707
2020-05-11,PNEUMOPATI,716
2020-05-18,PNEUMOPATI,710
2020-05-25,PNEUMOPATI,614
2020-06-01,PNEUMOPATI,791
2020-06-08,PNEUMOPATI,757
2020-06-15,PNEUMOPATI,792
2020-06-22,PNEUMOPATI,798
2020-06-29,PNEUMOPATI,939
2020-07-06,PNEUMOPATI,893
2020-07-13,PNEUMOPATI,826
2020-07-20,PNEUMOPATI,890
2020-07-27,PNEUMOPATI,766
2020-08-03,PNEUMOPATI,718
2020-08-10,PNEUMOPATI,760
2020-08-17,PNEUMOPATI,674
2020-08-24,PNEUMOPATI,620
2020-08-31,PNEUMOPATI,627
2020-09-07,PNEUMOPATI,581
2020-09-14,PNEUMOPATI,533
2020-09-21,PNEUMOPATI,455
2020-09-28,PNEUMOPATI,479
2020-10-05,PNEUMOPATI,418
2020-10-12,PNEUMOPATI,430
2020-10-19,PNEUMOPATI,400
2020-10-26,PNEUMOPATI,471
2020-11-02,PNEUMOPATI,526
2020-11-09,PNEUMOPATI,708
2020-11-16,PNEUMOPATI,719
2020-11-23,PNEUMOPATI,725
2020-11-30,PNEUMOPATI,880
2020-12-07,PNEUMOPATI,799
2020-12-14,PNEUMOPATI,767
2020-12-21,PNEUMOPATI,783
2020-12-28,PNEUMOPATI,912
2021-01-04,PNEUMOPATI,913
2021-01-11,PNEUMOPATI,794
2021-01-18,PNEUMOPATI,751
2021-01-25,PNEUMOPATI,652
2021-02-01,PNEUMOPATI,827
2021-02-08,PNEUMOPATI,890
2021-02-15,PNEUMOPATI,1143
2021-02-22,PNEUMOPATI,1186
2021-03-01,PNEUMOPATI,1523
2021-03-08,PNEUMOPATI,1444
2021-03-15,PNEUMOPATI,1323
2021-03-22,PNEUMOPATI,1125
2021-03-29,PNEUMOPATI,978
2021-04-05,PNEUMOPATI,942
2021-04-12,PNEUMOPATI,809
2021-04-19,PNEUMOPATI,723
2021-04-26,PNEUMOPATI,797
2021-05-03,PNEUMOPATI,770
2021-05-10,PNEUMOPATI,790
2021-05-17,PNEUMOPATI,785
2021-05-24,PNEUMOPATI,761
2021-05-31,PNEUMOPATI,820
2021-06-07,PNEUMOPATI,642
2021-06-14,PNEUMOPATI,597
2021-06-21,PNEUMOPATI,424
2021-06-28,PNEUMOPATI,509
2021-07-05,PNEUMOPATI,459
2021-07-12,PNEUMOPATI,377
2021-07-19,PNEUMOPATI,449
2021-07-26,PNEUMOPATI,413
2021-08-02,PNEUMOPATI,395
2021-08-09,PNEUMOPATI,385
2021-08-16,PNEUMOPATI,366
2021-08-23,PNEUMOPATI,312
2021-08-30,PNEUMOPATI,329
2021-09-06,PNEUMOPATI,306
2021-09-13,PNEUMOPATI,298
2021-09-20,PNEUMOPATI,262
2021-09-27,PNEUMOPATI,234
2021-10-04,PNEUMOPATI,191
2021-10-11,PNEUMOPATI,161
2021-10-18,PNEUMOPATI,171
2021-10-25,PNEUMOPATI,133
2021-11-01,PNEUMOPATI,126
2021-11-08,PNEUMOPATI,112
2021-11-15,PNEUMOPATI,120
2021-11-22,PNEUMOPATI,75
2021-11-29,PNEUMOPATI,83
2021-12-06,PNEUMOPATI,80
2021-12-13,PNEUMOPATI,76
2021-12-20,PNEUMOPATI,143
2021-12-27,PNEUMOPATI,293
2022-01-03,PNEUMOPATI,629
2022-01-10,PNEUMOPATI,1037
2022-01-17,PNEUMOPATI,1336
2022-01-24,PNEUMOPATI,1098
2022-01-31,PNEUMOPATI,923
2022-02-07,PNEUMOPATI,589
2022-02-14,PNEUMOPATI,349
2022-02-21,PNEUMOPATI,196
2022-02-28,PNEUMOPATI,162
2022-03-07,PNEUMOPATI,97
2022-03-14,PNEUMOPATI,77
2022-03-21,PNEUMOPATI,53
2022-03-28,PNEUMOPATI,61
2022-04-04,PNEUMOPATI,56
2022-04-11,PNEUMOPATI,46
2022-04-18,PNEUMOPATI,87
2022-04-25,PNEUMOPATI,69
2022-05-02,PNEUMOPATI,117
2022-05-09,PNEUMOPATI,159
2022-05-16,PNEUMOPATI,227
2022-05-23,PNEUMOPATI,318
2022-05-30,PNEUMOPATI,374
2022-06-06,PNEUMOPATI,380
2022-06-13,PNEUMOPATI,443
2022-06-20,PNEUMOPATI,475
2022-06-27,PNEUMOPATI,451
2022-07-04,PNEUMOPATI,431
2022-07-11,PNEUMOPATI,334
2022-07-18,PNEUMOPATI,263
2022-07-25,PNEUMOPATI,202
2022-08-01,PNEUMOPATI,176
2022-08-08,PNEUMOPATI,145
2022-08-15,PNEUMOPATI,117
2022-08-22,PNEUMOPATI,70
2022-08-29,PNEUMOPATI,62
2022-09-05,PNEUMOPATI,52
2022-09-12,PNEUMOPATI,39
2022-09-19,PNEUMOPATI,30
2022-09-26,PNEUMOPATI,26
2022-10-03,PNEUMOPATI,21
2022-10-10,PNEUMOPATI,35
2022-10-17,PNEUMOPATI,35
2022-10-24,PNEUMOPATI,72
2022-10-31,PNEUMOPATI,101
2022-11-07,PNEUMOPATI,209
2022-11-14,PNEUMOPATI,305
2022-11-21,PNEUMOPATI,296
2022-11-28,PNEUMOPATI,328
2022-12-05,PNEUMOPATI,317
2022-12-12,PNEUMOPATI,273
2022-12-19,PNEUMOPATI,261
2022-12-26,PNEUMOPATI,220
2023-01-02,PNEUMOPATI,150
2023-01-09,PNEUMOPATI,106
2023-01-16,PNEUMOPATI,65
2023-01-23,PNEUMOPATI,68
2023-01-30,PNEUMOPATI,55
2023-02-06,PNEUMOPATI,69
2023-02-13,PNEUMOPATI,82
2023-02-20,PNEUMOPATI,93
2023-02-27,PNEUMOPATI,103
2023-03-06,PNEUMOPATI,95
2023-03-13,PNEUMOPATI,86
2023-03-20,PNEUMOPATI,86
2023-03-27,PNEUMOPATI,72
2023-04-03,PNEUMOPATI,70
2023-04-10,PNEUMOPATI,71
2023-04-17,PNEUMOPATI,67
2023-04-24,PNEUMOPATI,54
2023-05-01,PNEUMOPATI,55
2023-05-08,PNEUMOPATI,59
2023-05-15,PNEUMOPATI,62
2023-05-22,PNEUMOPATI,49
2023-05-29,PNEUMOPATI,41
2023-06-05,PNEUMOPATI,39
2023-06-12,PNEUMOPATI,50
2023-06-19,PNEUMOPATI,37
2023-06-26,PNEUMOPATI,28
2023-07-03,PNEUMOPATI,19
2023-07-10,PNEUMOPATI,30
2023-07-17,PNEUMOPATI,29
2023-07-24,PNEUMOPATI,24
2023-07-31,PNEUMOPATI,26
2023-08-07,PNEUMOPATI,28
2023-08-14,PNEUMOPATI,45
2023-08-21,PNEUMOPATI,33
2023-08-28,PNEUMOPATI,40
2023-09-04,PNEUMOPATI,66
2023-09-11,PNEUMOPATI,59
2023-09-18,PNEUMOPATI,78
2023-09-25,PNEUMOPATI,76
2023-10-02,PNEUMOPATI,92
2023-10-09,PNEUMOPATI,98
2023-10-16,PNEUMOPATI,122
2023-10-23,PNEUMOPATI,112
2023-10-30,PNEUMOPATI,103
2023-11-06,PNEUMOPATI,107
2023-11-13,PNEUMOPATI,75
2023-11-20,PNEUMOPATI,51
2023-11-27,PNEUMOPATI,54
2023-12-04,PNEUMOPATI,49
2023-12-11,PNEUMOPATI,47
2023-12-18,PNEUMOPATI,43
2023-12-25,PNEUMOPATI,62
2024-01-01,PNEUMOPATI,74
2024-01-08,PNEUMOPATI,66
2024-01-15,PNEUMOPATI,55
2024-01-22,PNEUMOPATI,57
2024-01-29,PNEUMOPATI,71
2024-02-05,PNEUMOPATI,85
2024-02-12,PNEUMOPATI,96
2024-02-19,PNEUMOPATI,104
2024-02-26,PNEUMOPATI,112
2024-03-04,PNEUMOPATI,90
2024-03-11,PNEUMOPATI,80
2024-03-18,PNEUMOPATI,46
2024-03-25,PNEUMOPATI,19
2024-04-01,PNEUMOPATI,16
2024-04-08,PNEUMOPATI,21
2024-04-15,PNEUMOPATI,14
2024-04-22,PNEUMOPATI,7
2024-04-29,PNEUMOPATI,14
2024-05-06,PNEUMOPATI,7
2024-05-13,PNEUMOPATI,12
2024-05-20,PNEUMOPATI,6
2024-05-27,PNEUMOPATI,15
2024-06-03,PNEUMOPATI,11
2024-06-10,PNEUMOPATI,19
2024-06-17,PNEUMOPATI,16
2024-06-24,PNEUMOPATI,9
2024-07-01,PNEUMOPATI,13
2024-07-08,PNEUMOPATI,21
2024-07-15,PNEUMOPATI,33
2024-07-22,PNEUMOPATI,26
2024-07-29,PNEUMOPATI,21
2024-08-05,PNEUMOPATI,36
2024-08-12,PNEUMOPATI,51
2024-08-19,PNEUMOPATI,76
2024-08-26,PNEUMOPATI,76
2024-09-02,PNEUMOPATI,63
2024-09-09,PNEUMOPATI,66
2024-09-16,PNEUMOPATI,59
2024-09-23,PNEUMOPATI,41
2024-09-30,PNEUMOPATI,40
2024-10-07,PNEUMOPATI,28
2024-10-14,PNEUMOPATI,31
2024-10-21,PNEUMOPATI,33
2024-10-28,PNEUMOPATI,36
2024-11-04,PNEUMOPATI,31
2024-11-11,PNEUMOPATI,42
2024-11-18,PNEUMOPATI,45
2024-11-25,PNEUMOPATI,45
2024-12-02,PNEUMOPATI,51
2024-12-09,PNEUMOPATI,40
2024-12-16,PNEUMOPATI,48
2024-12-23,PNEUMOPATI,49
2024-12-30,PNEUMOPATI,48
2025-01-06,PNEUMOPATI,38
2025-01-13,PNEUMOPATI,67
2025-01-20,PNEUMOPATI,48
2025-01-27,PNEUMOPATI,41
2025-02-03,PNEUMOPATI,41
2025-02-10,PNEUMOPATI,43
2025-02-17,PNEUMOPATI,47
2025-02-24,PNEUMOPATI,31
2025-03-03,PNEUMOPATI,27
2025-03-10,PNEUMOPATI,18
2025-03-17,PNEUMOPATI,12
2025-03-24,PNEUMOPATI,10
2025-03-31,PNEUMOPATI,9
2025-04-07,PNEUMOPATI,10
2025-04-14,PNEUMOPATI,10
2025-04-21,PNEUMOPATI,8
2025-04-28,PNEUMOPATI,7
2025-05-05,PNEUMOPATI,8
2025-05-12,PNEUMOPATI,7
2025-05-19,PNEUMOPATI,11
2025-05-26,PNEUMOPATI,9
2025-06-02,PNEUMOPATI,7
2025-06-09,PNEUMOPATI,6
2025-06-16,PNEUMOPATI,6
2025-06-23,PNEUMOPATI,5
2025-06-30,PNEUMOPATI,3
2025-07-07,PNEUMOPATI,11
2025-07-14,PNEUMOPATI,12
2025-07-21,PNEUMOPATI,10
2025-07-28,PNEUMOPATI,23
2025-08-04,PNEUMOPATI,23
2025-08-11,PNEUMOPATI,21
2025-08-18,PNEUMOPATI,23
2025-08-25,PNEUMOPATI,26
2025-09-01,PNEUMOPATI,37
2025-09-08,PNEUMOPATI,38
2025-09-15,PNEUMOPATI,37
2025-09-22,PNEUMOPATI,41
2025-09-29,PNEUMOPATI,29
2025-10-06,PNEUMOPATI,29
2025-10-13,PNEUMOPATI,20
2025-10-20,PNEUMOPATI,31
2025-10-27,PNEUMOPATI,35
2025-11-03,PNEUMOPATI,19
2025-11-10,PNEUMOPATI,20
2025-11-17,PNEUMOPATI,26
2025-11-24,PNEUMOPATI,20
2025-12-01,PNEUMOPATI,19
2025-12-08,PNEUMOPATI,24
2025-12-15,PNEUMOPATI,19
2025-12-22,PNEUMOPATI,12
2025-12-29,PNEUMOPATI,18
2026-01-05,PNEUMOPATI,19
2026-01-12,PNEUMOPATI,16
2026-01-19,PNEUMOPATI,28
2026-01-26,PNEUMOPATI,21
2026-02-02,PNEUMOPATI,12
2026-02-09,PNEUMOPATI,19
2026-02-16,PNEUMOPATI,12
2026-02-23,PNEUMOPATI,21
2026-03-02,PNEUMOPATI,14
2026-03-09,PNEUMOPATI,17
2026-03-16,PNEUMOPATI,15
2026-03-23,PNEUMOPATI,16
2026-03-30,PNEUMOPATI,14
2026-04-06,PNEUMOPATI,7
2026-04-13,PNEUMOPATI,3
2026-04-20,PNEUMOPATI,12
2026-04-27,PNEUMOPATI,5
2026-05-04,PNEUMOPATI,4
2026-05-11,PNEUMOPATI,5
2026-05-18,PNEUMOPATI,5
2026-05-25,PNEUMOPATI,6
2026-06-01,PNEUMOPATI,7
2026-06-08,PNEUMOPATI,5
2026-06-15,PNEUMOPATI,8
2026-06-22,PNEUMOPATI,2
2026-06-29,PNEUMOPATI,9
2026-07-06,PNEUMOPATI,4
2026-07-13,PNEUMOPATI,1
2026-07-20,PNEUMOPATI,2
2026-07-27,PNEUMOPATI,1
2026-08-03,PNEUMOPATI,1
2026-08-10,PNEUMOPATI,1
2020-02-17,RENAL,4
2020-02-24,RENAL,4
2020-03-02,RENAL,17
2020-03-09,RENAL,46
2020-03-16,RENAL,141
2020-03-23,RENAL,212
2020-03-30,RENAL,339
2020-04-06,RENAL,435
2020-04-13,RENAL,632
2020-04-20,RENAL,708
2020-04-27,RENAL,846
2020-05-04,RENAL,853
2020-05-11,RENAL,859
2020-05-18,RENAL,873
2020-05-25,RENAL,742
2020-06-01,RENAL,908
2020-06-08,RENAL,914
2020-06-15,RENAL,943
2020-06-22,RENAL,858
2020-06-29,RENAL,1003
2020-07-06,RENAL,947
2020-07-13,RENAL,898
2020-07-20,RENAL,955
2020-07-27,RENAL,856
2020-08-03,RENAL,744
2020-08-10,RENAL,747
2020-08-17,RENAL,681
2020-08-24,RENAL,633
2020-08-31,RENAL,629
2020-09-07,RENAL,511
2020-09-14,RENAL,548
2020-09-21,RENAL,464
2020-09-28,RENAL,478
2020-10-05,RENAL,412
2020-10-12,RENAL,416
2020-10-19,RENAL,398
2020-10-26,RENAL,421
2020-11-02,RENAL,489
2020-11-09,RENAL,600
2020-11-16,RENAL,601
2020-11-23,RENAL,724
2020-11-30,RENAL,803
2020-12-07,RENAL,809
2020-12-14,RENAL,711
2020-12-21,RENAL,768
2020-12-28,RENAL,828
2021-01-04,RENAL,837
2021-01-11,RENAL,735
2021-01-18,RENAL,750
2021-01-25,RENAL,636
2021-02-01,RENAL,769
2021-02-08,RENAL,885
2021-02-15,RENAL,1081
2021-02-22,RENAL,1168
2021-03-01,RENAL,1552
2021-03-08,RENAL,1521
2021-03-15,RENAL,1575
2021-03-22,RENAL,1332
2021-03-29,RENAL,1227
2021-04-05,RENAL,1088
2021-04-12,RENAL,920
2021-04-19,RENAL,883
2021-04-26,RENAL,887
2021-05-03,RENAL,916
2021-05-10,RENAL,992
2021-05-17,RENAL,986
2021-05-24,RENAL,888
2021-05-31,RENAL,914
2021-06-07,RENAL,746
2021-06-14,RENAL,686
2021-06-21,RENAL,550
2021-06-28,RENAL,557
2021-07-05,RENAL,511
2021-07-12,RENAL,434
2021-07-19,RENAL,436
2021-07-26,RENAL,439
2021-08-02,RENAL,473
2021-08-09,RENAL,390
2021-08-16,RENAL,370
2021-08-23,RENAL,351
2021-08-30,RENAL,314
2021-09-06,RENAL,311
2021-09-13,RENAL,273
2021-09-20,RENAL,248
2021-09-27,RENAL,243
2021-10-04,RENAL,181
2021-10-11,RENAL,141
2021-10-18,RENAL,162
2021-10-25,RENAL,135
2021-11-01,RENAL,134
2021-11-08,RENAL,103
2021-11-15,RENAL,122
2021-11-22,RENAL,74
2021-11-29,RENAL,79
2021-12-06,RENAL,76
2021-12-13,RENAL,62
2021-12-20,RENAL,142
2021-12-27,RENAL,302
2022-01-03,RENAL,650
2022-01-10,RENAL,1150
2022-01-17,RENAL,1437
2022-01-24,RENAL,1262
2022-01-31,RENAL,942
2022-02-07,RENAL,582
2022-02-14,RENAL,367
2022-02-21,RENAL,209
2022-02-28,RENAL,164
2022-03-07,RENAL,88
2022-03-14,RENAL,60
2022-03-21,RENAL,40
2022-03-28,RENAL,41
2022-04-04,RENAL,40
2022-04-11,RENAL,42
2022-04-18,RENAL,49
2022-04-25,RENAL,60
2022-05-02,RENAL,74
2022-05-09,RENAL,140
2022-05-16,RENAL,160
2022-05-23,RENAL,247
2022-05-30,RENAL,333
2022-06-06,RENAL,328
2022-06-13,RENAL,343
2022-06-20,RENAL,410
2022-06-27,RENAL,392
2022-07-04,RENAL,381
2022-07-11,RENAL,257
2022-07-18,RENAL,207
2022-07-25,RENAL,142
2022-08-01,RENAL,109
2022-08-08,RENAL,66
2022-08-15,RENAL,57
2022-08-22,RENAL,62
2022-08-29,RENAL,46
2022-09-05,RENAL,37
2022-09-12,RENAL,16
2022-09-19,RENAL,25
2022-09-26,RENAL,15
2022-10-03,RENAL,9
2022-10-10,RENAL,29
2022-10-17,RENAL,46
2022-10-24,RENAL,44
2022-10-31,RENAL,104
2022-11-07,RENAL,179
2022-11-14,RENAL,270
2022-11-21,RENAL,288
2022-11-28,RENAL,296
2022-12-05,RENAL,258
2022-12-12,RENAL,244
2022-12-19,RENAL,209
2022-12-26,RENAL,160
2023-01-02,RENAL,109
2023-01-09,RENAL,86
2023-01-16,RENAL,61
2023-01-23,RENAL,48
2023-01-30,RENAL,43
2023-02-06,RENAL,58
2023-02-13,RENAL,70
2023-02-20,RENAL,78
2023-02-27,RENAL,85
2023-03-06,RENAL,85
2023-03-13,RENAL,73
2023-03-20,RENAL,71
2023-03-27,RENAL,62
2023-04-03,RENAL,50
2023-04-10,RENAL,64
2023-04-17,RENAL,67
2023-04-24,RENAL,42
2023-05-01,RENAL,38
2023-05-08,RENAL,43
2023-05-15,RENAL,50
2023-05-22,RENAL,29
2023-05-29,RENAL,34
2023-06-05,RENAL,23
2023-06-12,RENAL,32
2023-06-19,RENAL,25
2023-06-26,RENAL,31
2023-07-03,RENAL,19
2023-07-10,RENAL,11
2023-07-17,RENAL,11
2023-07-24,RENAL,16
2023-07-31,RENAL,23
2023-08-07,RENAL,24
2023-08-14,RENAL,20
2023-08-21,RENAL,23
2023-08-28,RENAL,40
2023-09-04,RENAL,43
2023-09-11,RENAL,47
2023-09-18,RENAL,66
2023-09-25,RENAL,67
2023-10-02,RENAL,75
2023-10-09,RENAL,88
2023-10-16,RENAL,82
2023-10-23,RENAL,100
2023-10-30,RENAL,66
2023-11-06,RENAL,77
2023-11-13,RENAL,57
2023-11-20,RENAL,44
2023-11-27,RENAL,43
2023-12-04,RENAL,35
2023-12-11,RENAL,44
2023-12-18,RENAL,30
2023-12-25,RENAL,31
2024-01-01,RENAL,44
2024-01-08,RENAL,37
2024-01-15,RENAL,59
2024-01-22,RENAL,53
2024-01-29,RENAL,68
2024-02-05,RENAL,74
2024-02-12,RENAL,97
2024-02-19,RENAL,103
2024-02-26,RENAL,64
2024-03-04,RENAL,67
2024-03-11,RENAL,54
2024-03-18,RENAL,31
2024-03-25,RENAL,22
2024-04-01,RENAL,17
2024-04-08,RENAL,10
2024-04-15,RENAL,6
2024-04-22,RENAL,11
2024-04-29,RENAL,5
2024-05-06,RENAL,2
2024-05-13,RENAL,7
2024-05-20,RENAL,2
2024-05-27,RENAL,9
2024-06-03,RENAL,9
2024-06-10,RENAL,11
2024-06-17,RENAL,15
2024-06-24,RENAL,11
2024-07-01,RENAL,10
2024-07-08,RENAL,7
2024-07-15,RENAL,18
2024-07-22,RENAL,20
2024-07-29,RENAL,11
2024-08-05,RENAL,18
2024-08-12,RENAL,38
2024-08-19,RENAL,40
2024-08-26,RENAL,49
2024-09-02,RENAL,43
2024-09-09,RENAL,40
2024-09-16,RENAL,37
2024-09-23,RENAL,27
2024-09-30,RENAL,26
2024-10-07,RENAL,22
2024-10-14,RENAL,24
2024-10-21,RENAL,20
2024-10-28,RENAL,19
2024-11-04,RENAL,20
2024-11-11,RENAL,34
2024-11-18,RENAL,31
2024-11-25,RENAL,30
2024-12-02,RENAL,29
2024-12-09,RENAL,31
2024-12-16,RENAL,39
2024-12-23,RENAL,43
2024-12-30,RENAL,33
2025-01-06,RENAL,42
2025-01-13,RENAL,36
2025-01-20,RENAL,31
2025-01-27,RENAL,31
2025-02-03,RENAL,26
2025-02-10,RENAL,29
2025-02-17,RENAL,28
2025-02-24,RENAL,36
2025-03-03,RENAL,10
2025-03-10,RENAL,20
2025-03-17,RENAL,14
2025-03-24,RENAL,9
2025-03-31,RENAL,5
2025-04-07,RENAL,4
2025-04-14,RENAL,8
2025-04-21,RENAL,4
2025-04-28,RENAL,6
2025-05-05,RENAL,3
2025-05-12,RENAL,4
2025-05-19,RENAL,6
2025-05-26,RENAL,10
2025-06-02,RENAL,4
2025-06-09,RENAL,5
2025-06-16,RENAL,3
2025-06-23,RENAL,5
2025-06-30,RENAL,9
2025-07-07,RENAL,9
2025-07-14,RENAL,8
2025-07-21,RENAL,8
2025-07-28,RENAL,9
2025-08-04,RENAL,26
2025-08-11,RENAL,22
2025-08-18,RENAL,28
2025-08-25,RENAL,25
2025-09-01,RENAL,21
2025-09-08,RENAL,26
2025-09-15,RENAL,31
2025-09-22,RENAL,24
2025-09-29,RENAL,19
2025-10-06,RENAL,14
2025-10-13,RENAL,17
2025-10-20,RENAL,19
2025-10-27,RENAL,14
2025-11-03,RENAL,13
2025-11-10,RENAL,29
2025-11-17,RENAL,20
2025-11-24,RENAL,12
2025-12-01,RENAL,10
2025-12-08,RENAL,15
2025-12-15,RENAL,14
2025-12-22,RENAL,12
2025-12-29,RENAL,10
2026-01-05,RENAL,14
2026-01-12,RENAL,13
2026-01-19,RENAL,14
2026-01-26,RENAL,8
2026-02-02,RENAL,13
2026-02-09,RENAL,15
2026-02-16,RENAL,14
2026-02-23,RENAL,14
2026-03-02,RENAL,16
2026-03-09,RENAL,17
2026-03-16,RENAL,8
2026-03-23,RENAL,6
2026-03-30,RENAL,8
2026-04-06,RENAL,5
2026-04-13,RENAL,2
2026-04-20,RENAL,6
2026-04-27,RENAL,6
2026-05-04,RENAL,6
2026-05-11,RENAL,5
2026-05-18,RENAL,2
2026-05-25,RENAL,4
2026-06-01,RENAL,4
2026-06-08,RENAL,6
2026-06-15,RENAL,8
2026-06-22,RENAL,1
2026-06-29,RENAL,2
2026-07-06,RENAL,1
2026-07-13,RENAL,3
2026-07-27,RENAL,1
2026-08-03,RENAL,1
2020-03-09,SIND_DOWN,2
2020-03-16,SIND_DOWN,10
2020-03-23,SIND_DOWN,11
2020-03-30,SIND_DOWN,20
2020-04-06,SIND_DOWN,24
2020-04-13,SIND_DOWN,34
2020-04-20,SIND_DOWN,37
2020-04-27,SIND_DOWN,45
2020-05-04,SIND_DOWN,55
2020-05-11,SIND_DOWN,63
2020-05-18,SIND_DOWN,52
2020-05-25,SIND_DOWN,46
2020-06-01,SIND_DOWN,51
2020-06-08,SIND_DOWN,43
2020-06-15,SIND_DOWN,43
2020-06-22,SIND_DOWN,56
2020-06-29,SIND_DOWN,56
2020-07-06,SIND_DOWN,52
2020-07-13,SIND_DOWN,48
2020-07-20,SIND_DOWN,62
2020-07-27,SIND_DOWN,42
2020-08-03,SIND_DOWN,37
2020-08-10,SIND_DOWN,55
2020-08-17,SIND_DOWN,54
2020-08-24,SIND_DOWN,29
2020-08-31,SIND_DOWN,42
2020-09-07,SIND_DOWN,26
2020-09-14,SIND_DOWN,39
2020-09-21,SIND_DOWN,30
2020-09-28,SIND_DOWN,22
2020-10-05,SIND_DOWN,37
2020-10-12,SIND_DOWN,33
2020-10-19,SIND_DOWN,23
2020-10-26,SIND_DOWN,29
2020-11-02,SIND_DOWN,29
2020-11-09,SIND_DOWN,30
2020-11-16,SIND_DOWN,53
2020-11-23,SIND_DOWN,44
2020-11-30,SIND_DOWN,59
2020-12-07,SIND_DOWN,61
2020-12-14,SIND_DOWN,59
2020-12-21,SIND_DOWN,56
2020-12-28,SIND_DOWN,66
2021-01-04,SIND_DOWN,74
2021-01-11,SIND_DOWN,65
2021-01-18,SIND_DOWN,62
2021-01-25,SIND_DOWN,60
2021-02-01,SIND_DOWN,63
2021-02-08,SIND_DOWN,81
2021-02-15,SIND_DOWN,101
2021-02-22,SIND_DOWN,123
2021-03-01,SIND_DOWN,162
2021-03-08,SIND_DOWN,156
2021-03-15,SIND_DOWN,153
2021-03-22,SIND_DOWN,134
2021-03-29,SIND_DOWN,125
2021-04-05,SIND_DOWN,126
2021-04-12,SIND_DOWN,103
2021-04-19,SIND_DOWN,113
2021-04-26,SIND_DOWN,115
2021-05-03,SIND_DOWN,111
2021-05-10,SIND_DOWN,116
2021-05-17,SIND_DOWN,118
2021-05-24,SIND_DOWN,122
2021-05-31,SIND_DOWN,106
2021-06-07,SIND_DOWN,98
2021-06-14,SIND_DOWN,56
2021-06-21,SIND_DOWN,50
2021-06-28,SIND_DOWN,49
2021-07-05,SIND_DOWN,52
2021-07-12,SIND_DOWN,39
2021-07-19,SIND_DOWN,39
2021-07-26,SIND_DOWN,39
2021-08-02,SIND_DOWN,32
2021-08-09,SIND_DOWN,21
2021-08-16,SIND_DOWN,23
2021-08-23,SIND_DOWN,33
2021-08-30,SIND_DOWN,20
2021-09-06,SIND_DOWN,23
2021-09-13,SIND_DOWN,22
2021-09-20,SIND_DOWN,24
2021-09-27,SIND_DOWN,16
2021-10-04,SIND_DOWN,8
2021-10-11,SIND_DOWN,9
2021-10-18,SIND_DOWN,4
2021-10-25,SIND_DOWN,7
2021-11-01,SIND_DOWN,11
2021-11-08,SIND_DOWN,9
2021-11-15,SIND_DOWN,9
2021-11-22,SIND_DOWN,11
2021-11-29,SIND_DOWN,4
2021-12-06,SIND_DOWN,7
2021-12-13,SIND_DOWN,5
2021-12-20,SIND_DOWN,11
2021-12-27,SIND_DOWN,24
2022-01-03,SIND_DOWN,37
2022-01-10,SIND_DOWN,81
2022-01-17,SIND_DOWN,112
2022-01-24,SIND_DOWN,94
2022-01-31,SIND_DOWN,56
2022-02-07,SIND_DOWN,49
2022-02-14,SIND_DOWN,36
2022-02-21,SIND_DOWN,7
2022-02-28,SIND_DOWN,17
2022-03-07,SIND_DOWN,8
2022-03-14,SIND_DOWN,6
2022-03-21,SIND_DOWN,3
2022-03-28,SIND_DOWN,3
2022-04-04,SIND_DOWN,3
2022-04-18,SIND_DOWN,5
2022-04-25,SIND_DOWN,3
2022-05-02,SIND_DOWN,5
2022-05-09,SIND_DOWN,3
2022-05-16,SIND_DOWN,13
2022-05-23,SIND_DOWN,22
2022-05-30,SIND_DOWN,28
2022-06-06,SIND_DOWN,17
2022-06-13,SIND_DOWN,26
2022-06-20,SIND_DOWN,26
2022-06-27,SIND_DOWN,32
2022-07-04,SIND_DOWN,29
2022-07-11,SIND_DOWN,21
2022-07-18,SIND_DOWN,20
2022-07-25,SIND_DOWN,9
2022-08-01,SIND_DOWN,6
2022-08-08,SIND_DOWN,5
2022-08-15,SIND_DOWN,7
2022-08-22,SIND_DOWN,1
2022-08-29,SIND_DOWN,6
2022-09-05,SIND_DOWN,2
2022-09-12,SIND_DOWN,1
2022-09-19,SIND_DOWN,3
2022-09-26,SIND_DOWN,4
2022-10-03,SIND_DOWN,2
2022-10-10,SIND_DOWN,5
2022-10-17,SIND_DOWN,3
2022-10-24,SIND_DOWN,3
2022-10-31,SIND_DOWN,2
2022-11-07,SIND_DOWN,9
2022-11-14,SIND_DOWN,13
2022-11-21,SIND_DOWN,16
2022-11-28,SIND_DOWN,14
2022-12-05,SIND_DOWN,25
2022-12-12,SIND_DOWN,19
2022-12-19,SIND_DOWN,9
2022-12-26,SIND_DOWN,15
2023-01-02,SIND_DOWN,9
2023-01-09,SIND_DOWN,6
2023-01-16,SIND_DOWN,2
2023-01-23,SIND_DOWN,2
2023-01-30,SIND_DOWN,1
2023-02-06,SIND_DOWN,7
2023-02-13,SIND_DOWN,5
2023-02-20,SIND_DOWN,6
2023-02-27,SIND_DOWN,5
2023-03-06,SIND_DOWN,7
2023-03-13,SIND_DOWN,5
2023-03-20,SIND_DOWN,4
2023-03-27,SIND_DOWN,2
2023-04-03,SIND_DOWN,9
2023-04-10,SIND_DOWN,3
2023-04-17,SIND_DOWN,4
2023-04-24,SIND_DOWN,4
2023-05-01,SIND_DOWN,6
2023-05-08,SIND_DOWN,1
2023-05-15,SIND_DOWN,7
2023-05-22,SIND_DOWN,4
2023-05-29,SIND_DOWN,3
2023-06-05,SIND_DOWN,2
2023-06-12,SIND_DOWN,1
2023-06-19,SIND_DOWN,3
2023-06-26,SIND_DOWN,2
2023-07-03,SIND_DOWN,1
2023-07-10,SIND_DOWN,1
2023-07-17,SIND_DOWN,3
2023-07-24,SIND_DOWN,2
2023-07-31,SIND_DOWN,1
2023-08-07,SIND_DOWN,2
2023-08-14,SIND_DOWN,2
2023-08-21,SIND_DOWN,5
2023-08-28,SIND_DOWN,3
2023-09-04,SIND_DOWN,1
2023-09-11,SIND_DOWN,4
2023-09-18,SIND_DOWN,7
2023-09-25,SIND_DOWN,8
2023-10-02,SIND_DOWN,11
2023-10-09,SIND_DOWN,12
2023-10-16,SIND_DOWN,11
2023-10-23,SIND_DOWN,12
2023-10-30,SIND_DOWN,4
2023-11-06,SIND_DOWN,5
2023-11-13,SIND_DOWN,13
2023-11-20,SIND_DOWN,5
2023-11-27,SIND_DOWN,2
2023-12-04,SIND_DOWN,9
2023-12-11,SIND_DOWN,3
2023-12-18,SIND_DOWN,2
2023-12-25,SIND_DOWN,9
2024-01-01,SIND_DOWN,9
2024-01-08,SIND_DOWN,5
2024-01-15,SIND_DOWN,6
2024-01-22,SIND_DOWN,4
2024-01-29,SIND_DOWN,8
2024-02-05,SIND_DOWN,2
2024-02-12,SIND_DOWN,6
2024-02-19,SIND_DOWN,4
2024-02-26,SIND_DOWN,10
2024-03-04,SIND_DOWN,8
2024-03-11,SIND_DOWN,7
2024-03-18,SIND_DOWN,5
2024-03-25,SIND_DOWN,2
2024-04-01,SIND_DOWN,2
2024-04-15,SIND_DOWN,5
2024-04-22,SIND_DOWN,2
2024-05-06,SIND_DOWN,2
2024-05-27,SIND_DOWN,1
2024-06-03,SIND_DOWN,1
2024-06-10,SIND_DOWN,3
2024-06-17,SIND_DOWN,2
2024-06-24,SIND_DOWN,1
2024-07-01,SIND_DOWN,2
2024-07-15,SIND_DOWN,1
2024-07-29,SIND_DOWN,5
2024-08-05,SIND_DOWN,5
2024-08-12,SIND_DOWN,4
2024-08-19,SIND_DOWN,5
2024-08-26,SIND_DOWN,5
2024-09-02,SIND_DOWN,6
2024-09-09,SIND_DOWN,7
2024-09-16,SIND_DOWN,3
2024-09-23,SIND_DOWN,5
2024-09-30,SIND_DOWN,7
2024-10-07,SIND_DOWN,4
2024-10-14,SIND_DOWN,3
2024-10-21,SIND_DOWN,5
2024-10-28,SIND_DOWN,3
2024-11-04,SIND_DOWN,2
2024-11-11,SIND_DOWN,5
2024-11-18,SIND_DOWN,9
2024-11-25,SIND_DOWN,6
2024-12-02,SIND_DOWN,3
2024-12-09,SIND_DOWN,3
2024-12-16,SIND_DOWN,3
2024-12-23,SIND_DOWN,1
2024-12-30,SIND_DOWN,4
2025-01-06,SIND_DOWN,7
2025-01-13,SIND_DOWN,1
2025-01-20,SIND_DOWN,3
2025-01-27,SIND_DOWN,7
2025-02-03,SIND_DOWN,4
2025-02-10,SIND_DOWN,3
2025-02-17,SIND_DOWN,5
2025-02-24,SIND_DOWN,2
2025-03-03,SIND_DOWN,3
2025-03-10,SIND_DOWN,3
2025-04-28,SIND_DOWN,1
2025-05-05,SIND_DOWN,1
2025-05-12,SIND_DOWN,2
2025-06-09,SIND_DOWN,2
2025-06-16,SIND_DOWN,1
2025-06-23,SIND_DOWN,2
2025-07-07,SIND_DOWN,1
2025-07-28,SIND_DOWN,6
2025-08-04,SIND_DOWN,1
2025-08-11,SIND_DOWN,1
2025-08-18,SIND_DOWN,2
2025-08-25,SIND_DOWN,2
2025-09-01,SIND_DOWN,1
2025-09-08,SIND_DOWN,2
2025-09-15,SIND_DOWN,2
2025-09-22,SIND_DOWN,2
2025-09-29,SIND_DOWN,2
2025-10-06,SIND_DOWN,3
2025-10-13,SIND_DOWN,3
2025-10-20,SIND_DOWN,1
2025-10-27,SIND_DOWN,1
2025-11-03,SIND_DOWN,5
2025-11-10,SIND_DOWN,4
2025-11-17,SIND_DOWN,2
2025-11-24,SIND_DOWN,5
2025-12-08,SIND_DOWN,4
2025-12-15,SIND_DOWN,3
2025-12-22,SIND_DOWN,1
2025-12-29,SIND_DOWN,1
2026-01-05,SIND_DOWN,2
2026-01-19,SIND_DOWN,1
2026-01-26,SIND_DOWN,1
2026-02-02,SIND_DOWN,3
2026-02-09,SIND_DOWN,1
2026-02-16,SIND_DOWN,3
2026-02-23,SIND_DOWN,1
2026-03-02,SIND_DOWN,4
2026-03-09,SIND_DOWN,1
2026-03-16,SIND_DOWN,2
2026-03-23,SIND_DOWN,2
2026-03-30,SIND_DOWN,1
2026-04-13,SIND_DOWN,1
2026-04-27,SIND_DOWN,1
2026-05-04,SIND_DOWN,1
2026-05-11,SIND_DOWN,1
2026-05-25,SIND_DOWN,1
2026-06-08,SIND_DOWN,1
2026-06-29,SIND_DOWN,2
2026-07-06,SIND_DOWN,1
2026-07-13,SIND_DOWN,1
2026-08-03,SIND_DOWN,1
